,Courts
0,http://www.alameda.courts.ca.gov/pages.aspx/phone-fax-numbers
1,https://www.alpine.courts.ca.gov/generalinfo/index.htm
2,http://www.amadorcourt.org/gi-contactUs.aspx
3,http://www.buttecourt.ca.gov/Information/Courthouses/
4,http://www.calaveras.courts.ca.gov/info/contact
5,http://www.colusa.courts.ca.gov/contact_info.asp
6,http://www.cc-courts.org/general/court-phone.aspx
7,http://www.delnorte.courts.ca.gov/general-info
8,http://www.eldoradocourt.org/generalinfo/locations-contact.html
9,http://www.fresno.courts.ca.gov/contact/
10,http://www.glenncourt.ca.gov/general-info/location-contact/telephone-directory.shtml
11,http://www.humboldt.courts.ca.gov/gi/contact.htm
12,http://www.imperial.courts.ca.gov/
13,http://www.inyocourt.ca.gov/
14,http://www.kern.courts.ca.gov/home.aspx
15,http://www.kings.courts.ca.gov/generalinfo/contact-location.htm
16,http://www.lake.courts.ca.gov/gi/courtrooms_holidays.htm
17,http://www.lassencourt.ca.gov/general_info/location.shtml
18,http://www.lacourt.org/courthouse
19,http://madera.courts.ca.gov/index.htm
20,http://www.marincourt.org/contact.htm
21,http://www.mariposacourt.org/
22,http://www.mendocino.courts.ca.gov/general_info/locations.asp
23,http://www.mercedcourt.org/contact_info.shtml
24,http://www.modocsuperiorcourt.ca.gov/resources-&-forms.htm
25,http://www.mono.courts.ca.gov/generalinfo/contact-location.htm
26,http://www.monterey.courts.ca.gov/General_Information/Locations.aspx
27,http://www.napa.courts.ca.gov/general-info/contacts-locations
28,http://nccourt.net/geninfo/location-hours.shtml
29,http://www.occourts.org/locations/general-phone.html
30,http://www.placer.courts.ca.gov/general-contact-us.shtml
31,http://www.plumascourt.ca.gov/Contact.htm
32,http://www.riverside.courts.ca.gov/phonenumbers.shtml
33,http://www.saccourt.ca.gov/general/court-phone.aspx
34,http://www.sanbenito.courts.ca.gov/general_info/contact.shtml
35,http://www.sb-court.org/Locations.aspx
36,"http://www.sdcourt.ca.gov/portal/page?_pageid=55,1056982&_dad=portal&_schema=PORTAL"
37,http://www.sfsuperiorcourt.org/index.aspx?page=18
38,https://www.sjcourts.org/general-info/court-locations-contact/
39,http://www.slo.courts.ca.gov/gi/contact-location.htm
40,http://www.sanmateocourt.org/general_info/locations_and_contact_info/phone_numbers.php
41,http://www.sbcourts.org/gi/loc/
42,http://www.scscourt.org/general_info/contact/contact.shtml
43,https://www.santacruzcourt.org/info/locations-contact
44,http://www.shasta.courts.ca.gov/General-Info/ContactInfo.shtml
45,http://sierra.courts.ca.gov/generalinfo/contact_location.htm
46,http://www.siskiyou.courts.ca.gov/generalinfo/contact_locations.htm
47,http://www.solano.courts.ca.gov/ContactUs.html
48,http://sonoma.courts.ca.gov/info
49,http://www.stanct.org/court-locations-hours
50,https://www.suttercourts.com/general-info/locations-phone-numbers
51,http://www.tehama.courts.ca.gov/generalinfo/contact-location.htm
52,http://www.trinity.courts.ca.gov/#!contact-us/cyt2
53,http://www.tularesuperiorcourt.ca.gov/index.php?section=locations-and-contact
54,http://www.tuolumne.courts.ca.gov/index.htm
55,http://www.ventura.courts.ca.gov/phone-directory.html
56,http://www.yolo.courts.ca.gov/
57,http://www.yubacourts.org/Contact/contact.asp
