,Name,Address,Phone,Website,Opening hours,Rating
0,California Dental Network,"23291 Mill Creek Dr, Laguna Hills, CA 92653, USA",+1 949-716-7666,https://www.caldental.net/,"['Monday: 9:00 AM – 5:00 PM', 'Tuesday: 9:00 AM – 5:00 PM', 'Wednesday: 9:00 AM – 5:00 PM', 'Thursday: 9:00 AM – 5:00 PM', 'Friday: 9:00 AM – 5:00 PM', 'Saturday: Closed', 'Sunday: Closed']",1.6
1,California Dental Group - Upland,"930 W Foothill Blvd, Upland, CA 91786, USA",+1 909-949-6906,http://www.cadentalgroup.com/,"['Monday: 8:00 AM – 6:30 PM', 'Tuesday: 8:00 AM – 6:30 PM', 'Wednesday: 8:00 AM – 6:30 PM', 'Thursday: 8:00 AM – 6:30 PM', 'Friday: 8:00 AM – 6:30 PM', 'Saturday: 8:00 AM – 6:30 PM', 'Sunday: Closed']",3.7
2,CALIFORNIA SHINE DENTAL,"105 N Jackson Ave #105, San Jose, CA 95116, USA",+1 408-883-7777,http://www.californiashinedental.com/,"['Monday: Closed', 'Tuesday: 9:00 AM – 6:00 PM', 'Wednesday: Closed', 'Thursday: Closed', 'Friday: Closed', 'Saturday: Closed', 'Sunday: Closed']",5.0
3,California Dental Group of Riverside,"3845 Pierce St, Riverside, CA 92503, USA",+1 951-359-1900,http://www.califdental.com/,"['Monday: 10:00 AM – 7:00 PM', 'Tuesday: 9:00 AM – 5:30 PM', 'Wednesday: 9:00 AM – 5:30 PM', 'Thursday: 10:00 AM – 7:00 PM', 'Friday: 9:00 AM – 5:00 PM', 'Saturday: Closed', 'Sunday: Closed']",2.9
4,California Dental Group,"1721 Artesia Blvd, Gardena, CA 90248, USA",+1 310-243-6040,https://www.cadentalgroup.com/,"['Monday: 9:00 AM – 6:00 PM', 'Tuesday: 9:00 AM – 6:00 PM', 'Wednesday: Closed', 'Thursday: 9:00 AM – 6:00 PM', 'Friday: 9:00 AM – 6:00 PM', 'Saturday: 9:00 AM – 5:00 PM', 'Sunday: Closed']",2.2
5,Glenn Dental,"21031 Constitution Dr #101, California City, CA 93505, USA",+1 760-373-1950,https://www.glenndental.com/,"['Monday: 9:00 AM – 6:00 PM', 'Tuesday: 9:00 AM – 5:00 PM', 'Wednesday: 9:00 AM – 6:00 PM', 'Thursday: 9:00 AM – 5:00 PM', 'Friday: 9:00 AM – 5:00 PM', 'Saturday: Closed', 'Sunday: Closed']",4.5
6,California Dental Group of Glendale,"609 S Glendale Ave, Glendale, CA 91205, USA",+1 818-543-3222,https://www.cadentalgroup.com/contact/glendale/,"['Monday: 9:00 AM – 5:00 PM', 'Tuesday: 9:00 AM – 5:00 PM', 'Wednesday: 9:00 AM – 6:00 PM', 'Thursday: 9:00 AM – 5:00 PM', 'Friday: 9:00 AM – 5:00 PM', 'Saturday: 8:30 AM – 5:00 PM', 'Sunday: Closed']",3.9
7,California Dental,"1009 Glenoaks Blvd, San Fernando, CA 91340, USA",+1 818-361-3889,,"['Monday: 10:00 AM – 7:00 PM', 'Tuesday: 10:00 AM – 8:00 PM', 'Wednesday: 10:00 AM – 7:00 PM', 'Thursday: 10:00 AM – 8:00 PM', 'Friday: Closed', 'Saturday: 9:00 AM – 2:00 PM', 'Sunday: Closed']",4.9
8,California Dentistry,"1448 S San Gabriel Blvd, San Gabriel, CA 91776, USA",+1 626-288-2000,http://www.dbc.ca.gov/,"['Monday: 10:00 AM – 6:00 PM', 'Tuesday: 9:00 AM – 6:00 PM', 'Wednesday: 10:00 AM – 6:00 PM', 'Thursday: 10:00 AM – 6:00 PM', 'Friday: 10:00 AM – 6:00 PM', 'Saturday: 10:00 AM – 6:00 PM', 'Sunday: Closed']",5.0
9,Dental Group of California,"4952 E Kings Canyon Rd #101, Fresno, CA 93727, USA",+1 559-453-9100,http://www.dentalgroupofcalifornia.com/,"['Monday: 9:00 AM – 6:00 PM', 'Tuesday: 9:00 AM – 6:00 PM', 'Wednesday: 9:00 AM – 6:00 PM', 'Thursday: 9:00 AM – 6:00 PM', 'Friday: 9:00 AM – 6:00 PM', 'Saturday: Closed', 'Sunday: Closed']",3.5
10,Southern California Family Dentistry- Lake Forest,"23361 El Toro Rd #117, Lake Forest, CA 92630, USA",+1 949-830-3743,http://www.scfamilydentistry.com/,"['Monday: 8:00 AM – 5:00 PM', 'Tuesday: 9:00 AM – 6:00 PM', 'Wednesday: 9:00 AM – 5:00 PM', 'Thursday: 9:00 AM – 5:00 PM', 'Friday: 9:00 AM – 4:00 PM', 'Saturday: Closed', 'Sunday: Closed']",4.9
11,California Dental Care and Orthodontics,"9275 Base Line Rd, Rancho Cucamonga, CA 91730, USA",+1 909-490-5576,https://www.dentalcarecalifornia.com/,"['Monday: 8:00 AM – 7:00 PM', 'Tuesday: 9:00 AM – 6:00 PM', 'Wednesday: 9:00 AM – 6:00 PM', 'Thursday: 8:00 AM – 5:00 PM', 'Friday: 8:00 AM – 4:30 PM', 'Saturday: 8:00 AM – 3:00 PM', 'Sunday: Closed']",4.7
12,California Dental,"6100 California St, San Francisco, CA 94121, USA",+1 415-751-6108,http://www.cadentalsf.com/,"['Monday: Closed', 'Tuesday: 1:00 – 9:00 PM', 'Wednesday: 8:00 AM – 4:00 PM', 'Thursday: 1:00 – 9:00 PM', 'Friday: 8:00 AM – 4:00 PM', 'Saturday: 9:00 AM – 4:00 PM', 'Sunday: Closed']",3.5
13,California Dental Group of South Anaheim,"2300 S Harbor Blvd, Anaheim, CA 92802, USA",+1 714-750-3030,http://www.califdental.com/,"['Monday: 9:00 AM – 5:30 PM', 'Tuesday: 11:00 AM – 8:00 PM', 'Wednesday: 9:00 AM – 5:30 PM', 'Thursday: 11:00 AM – 8:00 PM', 'Friday: 9:00 AM – 5:00 PM', 'Saturday: Closed', 'Sunday: Closed']",3.7
14,"California Shine Dental - Dentist in San Jose, CA","3151 S White Rd #101, San Jose, CA 95148, USA",+1 408-223-9600,http://www.californiashinedental.com/,"['Monday: 9:00 AM – 6:00 PM', 'Tuesday: 9:00 AM – 6:00 PM', 'Wednesday: 9:00 AM – 6:00 PM', 'Thursday: Closed', 'Friday: 9:00 AM – 6:00 PM', 'Saturday: 9:00 AM – 6:00 PM', 'Sunday: Closed']",4.8
15,Southern California Family Dentistry,"14412 Whittier Blvd, Whittier, CA 90605, USA",+1 562-693-0788,http://www.scfamilydentistry.com/,"['Monday: 9:00 AM – 6:00 PM', 'Tuesday: 10:00 AM – 7:00 PM', 'Wednesday: 9:00 AM – 6:00 PM', 'Thursday: 10:00 AM – 7:00 PM', 'Friday: 9:00 AM – 6:00 PM', 'Saturday: 8:00 AM – 4:00 PM', 'Sunday: Closed']",4.7
16,"Tustin Dentist - Cosmetic Dentist Tustin - Tustin, CA 92780 - California Dental Group Tustin","13011 Newport Ave #205, Tustin, CA 92780, USA",+1 714-406-4712,https://www.cadentaloftustin.com/,"['Monday: 9:00 AM – 6:00 PM', 'Tuesday: Closed', 'Wednesday: 9:00 AM – 6:00 PM', 'Thursday: 9:00 AM – 6:00 PM', 'Friday: 9:00 AM – 6:00 PM', 'Saturday: 8:00 AM – 5:00 PM', 'Sunday: Closed']",3.5
17,California Dental Group of Anaheim Hills,"140 S Fairmont Blvd, Anaheim, CA 92808, USA",+1 714-974-0054,http://califdental.com/,"['Monday: 9:00 AM – 5:30 PM', 'Tuesday: 9:00 AM – 5:30 PM', 'Wednesday: 9:00 AM – 5:30 PM', 'Thursday: 9:00 AM – 5:30 PM', 'Friday: 9:00 AM – 5:00 PM', 'Saturday: Closed', 'Sunday: Closed']",3.5
18,California Dental Group of Orange,"1502 E Collins Ave, Orange, CA 92867, USA",+1 714-288-8464,http://www.califdental.com/,"['Monday: 9:00 AM – 5:30 PM', 'Tuesday: 9:00 AM – 5:30 PM', 'Wednesday: 9:00 AM – 5:30 PM', 'Thursday: 9:00 AM – 5:30 PM', 'Friday: 9:00 AM – 5:00 PM', 'Saturday: Closed', 'Sunday: Closed']",4.4
19,California Dental Care: Shea Willy W DDS,"9275 Base Line Rd, Rancho Cucamonga, CA 91730, USA",+1 909-945-0024,http://dentalcarecalifornia.com/,None,
20,California KiDDS Pediatric Dentistry,"1011 E St, Reedley, CA 93654, USA",+1 559-743-7095,http://www.calkidds.com/,"['Monday: 8:00 AM – 5:00 PM', 'Tuesday: 8:00 AM – 5:00 PM', 'Wednesday: 8:00 AM – 5:00 PM', 'Thursday: 8:00 AM – 5:00 PM', 'Friday: 8:00 AM – 5:00 PM', 'Saturday: Closed', 'Sunday: Closed']",5.0
21,Green California Dental Group,"1822 W Burbank Blvd, Burbank, CA 91506, USA",+1 818-238-9700,http://greencaliforniadental.com/,"['Monday: 9:00 AM – 5:00 PM', 'Tuesday: 9:00 AM – 6:00 PM', 'Wednesday: 9:00 AM – 5:00 PM', 'Thursday: 9:00 AM – 6:00 PM', 'Friday: 9:00 AM – 5:00 PM', 'Saturday: 9:00 AM – 3:00 PM', 'Sunday: Closed']",4.8
22,California KiDDS Pediatric Dentistry,"7525 N Cedar Ave #105, Fresno, CA 93720, USA",+1 559-439-6600,http://www.calkidds.com/,"['Monday: 8:00 AM – 5:00 PM', 'Tuesday: 8:00 AM – 5:00 PM', 'Wednesday: 8:00 AM – 5:00 PM', 'Thursday: 8:00 AM – 5:00 PM', 'Friday: 8:00 AM – 5:00 PM', 'Saturday: Closed', 'Sunday: Closed']",4.9
23,California Dental Group: Ramin Moravveji DDS,"609 S Glendale Ave, Glendale, CA 91205, USA",+1 818-543-1764,http://www.cadentalgroup.com/,None,5.0
24,California Dental Group of Brea,"2820 E Imperial Hwy, Brea, CA 92821, USA",+1 714-572-2818,http://califdental.com/,"['Monday: 9:00 AM – 5:30 PM', 'Tuesday: 10:00 AM – 7:00 PM', 'Wednesday: Closed', 'Thursday: 10:00 AM – 7:00 PM', 'Friday: 9:00 AM – 5:00 PM', 'Saturday: Closed', 'Sunday: Closed']",4.4
25,California Dental Specialty Group,"500 E Remington Dr #19, Sunnyvale, CA 94087, USA",+1 408-749-9888,https://www.sunnyvaledentalspecialty.com/,"['Monday: 8:00 AM – 5:30 PM', 'Tuesday: 8:00 AM – 5:30 PM', 'Wednesday: 9:00 AM – 5:00 PM', 'Thursday: 8:00 AM – 5:30 PM', 'Friday: 8:00 AM – 5:30 PM', 'Saturday: 8:00 AM – 3:00 PM', 'Sunday: Closed']",5.0
26,"California Dental Care, Nahreen Imam, DDS, Inc.","3860 Broadway #104, American Canyon, CA 94503, USA",+1 707-553-8008,http://www.cdsmile.com/,"['Monday: 8:00 AM – 5:00 PM', 'Tuesday: 9:00 AM – 6:00 PM', 'Wednesday: 9:00 AM – 6:00 PM', 'Thursday: 9:00 AM – 6:00 PM', 'Friday: 9:00 AM – 6:00 PM', 'Saturday: 8:00 AM – 5:00 PM', 'Sunday: Closed']",4.7
27,McClellan Dental Clinic - VA Northern California Health Care System,"5401 Arnold Ave # 88, McClellan Park, CA 95652, USA",+1 916-333-5500,https://www.northerncalifornia.va.gov/locations/McClellan_Dental_Clinic.asp,"['Monday: 8:00 AM – 4:30 PM', 'Tuesday: 8:00 AM – 4:30 PM', 'Wednesday: 8:00 AM – 4:30 PM', 'Thursday: 8:00 AM – 4:30 PM', 'Friday: 8:00 AM – 4:30 PM', 'Saturday: Closed', 'Sunday: Closed']",3.7
28,"California Happy Teeth Family Dentistry: Sumity Sharma, DDS","1123 S Park Victoria Dr, Milpitas, CA 95035, USA",+1 408-214-4714,https://www.californiahappyteeth.com/?utm_source=gmb_auth,"['Monday: Closed', 'Tuesday: Closed', 'Wednesday: 10:00 AM – 6:00 PM', 'Thursday: 10:00 AM – 6:00 PM', 'Friday: 10:00 AM – 6:00 PM', 'Saturday: 9:00 AM – 4:00 PM', 'Sunday: Closed']",4.9
29,Lessenevitch Nicholas DDS,"8307 California City Blvd, California City, CA 93505, USA",+1 760-373-4844,http://calcitydentistry.com/,"['Monday: 8:00 AM – 5:00 PM', 'Tuesday: 8:00 AM – 5:00 PM', 'Wednesday: 8:00 AM – 5:00 PM', 'Thursday: 8:00 AM – 5:00 PM', 'Friday: Closed', 'Saturday: Closed', 'Sunday: Closed']",4.8
30,Pacific Heights Dental,"2383 California St, San Francisco, CA 94115, USA",+1 415-854-5797,https://www.pacificheightsdental.com/?utm_source=GMBlisting&utm_medium=organic,"['Monday: 9:00 AM – 5:00 PM', 'Tuesday: 9:00 AM – 5:00 PM', 'Wednesday: 9:00 AM – 5:00 PM', 'Thursday: 9:00 AM – 5:00 PM', 'Friday: 9:00 AM – 5:00 PM', 'Saturday: Closed', 'Sunday: Closed']",4.9
31,California KiDDS Pediatric Dentistry,"1900 Shaw Ave #101, Clovis, CA 93611, USA",+1 559-439-5300,http://www.calkidds.com/,"['Monday: 8:00 AM – 5:00 PM', 'Tuesday: 8:00 AM – 5:00 PM', 'Wednesday: 8:00 AM – 5:00 PM', 'Thursday: 8:00 AM – 5:00 PM', 'Friday: 8:00 AM – 5:00 PM', 'Saturday: Closed', 'Sunday: Closed']",4.9
32,Western Dental & Orthodontics,"703 N Golden State Blvd, Turlock, CA 95380, USA",+1 209-216-4198,https://www.westerndental.com/en-us/find-a-location/california/turlock/703-north-golden-state-blvd,"['Monday: 9:00 AM – 6:00 PM', 'Tuesday: 9:00 AM – 6:00 PM', 'Wednesday: 9:00 AM – 6:00 PM', 'Thursday: 9:00 AM – 6:00 PM', 'Friday: 9:00 AM – 6:00 PM', 'Saturday: 8:00 AM – 4:00 PM', 'Sunday: Closed']",4.1
33,Hospitality Dental & Orthodontics,"69-730, CA-111 #105, Rancho Mirage, CA 92270, USA",+1 760-321-8869,https://www.hospitalitydental.com/?utm_source=gmb_auth,"['Monday: 8:30 AM – 5:30 PM', 'Tuesday: 10:00 AM – 7:00 PM', 'Wednesday: 7:00 AM – 4:00 PM', 'Thursday: 9:00 AM – 6:00 PM', 'Friday: 7:00 AM – 4:00 PM', 'Saturday: Closed', 'Sunday: Closed']",4.7
34,"Dr. Jeffrey B. Evans, DDS","7525 N Cedar Ave # 105, Fresno, CA 93720, USA",+1 559-439-5300,https://www.calkidds.com/,"['Monday: 8:00 AM – 5:00 PM', 'Tuesday: 8:00 AM – 5:00 PM', 'Wednesday: 8:00 AM – 5:00 PM', 'Thursday: 8:00 AM – 5:00 PM', 'Friday: 8:00 AM – 5:00 PM', 'Saturday: Closed', 'Sunday: Closed']",5.0
35,Smileworld Dental,"4104 California Ave, Bakersfield, CA 93309, USA",+1 661-323-2223,http://www.smileworlddentistry.com/,"['Monday: 9:00 AM – 6:00 PM', 'Tuesday: 9:00 AM – 6:00 PM', 'Wednesday: 9:00 AM – 6:00 PM', 'Thursday: 9:00 AM – 6:00 PM', 'Friday: 8:30 AM – 5:30 PM', 'Saturday: Closed', 'Sunday: Closed']",4.0
36,Western Dental & Orthodontics,"3401 Coffee Rd, Bakersfield, CA 93308, USA",+1 661-695-3044,https://www.westerndental.com/en-us/find-a-location/california/bakersfield/3401-coffee-rd,"['Monday: 8:00 AM – 6:00 PM', 'Tuesday: 8:00 AM – 6:00 PM', 'Wednesday: 8:00 AM – 6:00 PM', 'Thursday: 8:00 AM – 6:00 PM', 'Friday: 8:00 AM – 6:00 PM', 'Saturday: 8:00 AM – 4:30 PM', 'Sunday: Closed']",4.0
37,Western Dental & Orthodontics,"2205 S Broadway, Santa Maria, CA 93454, USA",+1 805-863-9430,https://www.westerndental.com/en-us/find-a-location/california/santa-maria/2205-s-broadway,"['Monday: 9:00 AM – 6:00 PM', 'Tuesday: 8:00 AM – 5:00 PM', 'Wednesday: 9:00 AM – 6:00 PM', 'Thursday: 9:00 AM – 6:00 PM', 'Friday: 8:00 AM – 5:00 PM', 'Saturday: 8:00 AM – 4:30 PM', 'Sunday: Closed']",3.2
38,Thomas Dental Care,"1920 Sycamore Ln, Davis, CA 95616, USA",+1 530-486-1104,https://www.thomasdentalcare.com/?utm_source=GMB&utm_medium=organic&utm_campaign=DevOptimization&utm_content=Website,"['Monday: 9:00 AM – 5:00 PM', 'Tuesday: 9:00 AM – 5:00 PM', 'Wednesday: 7:30 AM – 3:00 PM', 'Thursday: 9:00 AM – 5:00 PM', 'Friday: 7:30 AM – 3:00 PM', 'Saturday: 9:00 AM – 2:00 PM', 'Sunday: Closed']",4.4
39,Downtown Dental,"255 S Grand Ave #204, Los Angeles, CA 90012, USA",+1 213-863-9464,http://www.downtowndentalla.com/,"['Monday: 7:30 AM – 4:00 PM', 'Tuesday: 7:30 AM – 4:00 PM', 'Wednesday: 7:30 AM – 4:00 PM', 'Thursday: 7:30 AM – 4:00 PM', 'Friday: 7:30 AM – 4:00 PM', 'Saturday: Closed', 'Sunday: Closed']",4.7
40,California Wave Dental Center Inc,"16444 Paramount Blvd #102, Paramount, CA 90723, USA",+1 562-633-6580,http://www.wavedentist.com/,"['Monday: 9:00 AM – 1:00 PM, 2:00 – 6:00 PM', 'Tuesday: 10:00 AM – 1:00 PM, 2:00 – 7:00 PM', 'Wednesday: Closed', 'Thursday: 10:00 AM – 1:00 PM, 2:00 – 7:00 PM', 'Friday: 9:00 AM – 1:00 PM, 2:00 – 6:00 PM', 'Saturday: Closed', 'Sunday: Closed']",3.7
41,Western Dental & Orthodontics,"1111 E Tulare Ave, Tulare, CA 93274, USA",+1 559-358-3093,https://www.westerndental.com/en-us/find-a-location/california/tulare/1111-e-tulare-ave,"['Monday: 9:00 AM – 7:00 PM', 'Tuesday: 9:00 AM – 7:00 PM', 'Wednesday: 9:00 AM – 7:00 PM', 'Thursday: 9:00 AM – 7:00 PM', 'Friday: 9:00 AM – 7:00 PM', 'Saturday: 8:00 AM – 4:30 PM', 'Sunday: Closed']",4.2
42,Milburn Dental,"6721 N Milburn Ave Suite 101, Fresno, CA 93722, USA",+1 559-825-0990,https://www.milburndental.com/,"['Monday: 9:00 AM – 6:00 PM', 'Tuesday: 9:00 AM – 6:00 PM', 'Wednesday: 9:00 AM – 6:00 PM', 'Thursday: 9:00 AM – 6:00 PM', 'Friday: 9:00 AM – 6:00 PM', 'Saturday: Closed', 'Sunday: Closed']",4.9
43,Sequoia Dental Office,"5601 W Hillsdale Ave, Visalia, CA 93291, USA",+1 559-635-7186,http://www.sequoiadental.com/,"['Monday: 9:00 AM – 6:00 PM', 'Tuesday: 8:00 AM – 5:00 PM', 'Wednesday: 8:00 AM – 5:00 PM', 'Thursday: 10:00 AM – 6:00 PM', 'Friday: 7:00 AM – 12:00 PM', 'Saturday: Closed', 'Sunday: Closed']",4.8
44,San Clemente Dental Associates,"638 Camino De Los Mares # C140, San Clemente, CA 92673, USA",+1 949-234-0500,http://www.scfamilydentistry.com/,"['Monday: 9:00 AM – 6:00 PM', 'Tuesday: 8:00 AM – 5:00 PM', 'Wednesday: 9:00 AM – 6:00 PM', 'Thursday: 9:00 AM – 6:00 PM', 'Friday: 9:00 AM – 5:00 PM', 'Saturday: Closed', 'Sunday: Closed']",4.8
45,The Super Dentists,"9737 Aero Dr #210, San Diego, CA 92123, USA",+1 858-336-8478,https://www.thesuperdentists.com/locations/kearny-mesa-dentist/,"['Monday: 9:00 AM – 6:00 PM', 'Tuesday: 7:00 AM – 4:00 PM', 'Wednesday: 8:00 AM – 5:00 PM', 'Thursday: 10:00 AM – 7:00 PM', 'Friday: 7:00 AM – 4:00 PM', 'Saturday: Closed', 'Sunday: Closed']",4.5
46,The Super Dentists - Carmel Valley,"11943 El Camino Real #200, San Diego, CA 92130, USA",+1 619-202-8667,http://www.thesuperdentists.com/,"['Monday: 9:00 AM – 6:00 PM', 'Tuesday: 7:00 AM – 4:00 PM', 'Wednesday: 8:00 AM – 5:00 PM', 'Thursday: 10:00 AM – 7:00 PM', 'Friday: 8:00 AM – 5:00 PM', 'Saturday: Closed', 'Sunday: Closed']",4.8
47,Bright Now! Dental,"1610 N Avalon Blvd, Wilmington, CA 90744, USA",+1 310-835-3131,https://www.brightnow.com/dentist-near-me/wilmington-dentist/11190?utm_source=generic&utm_medium=profiles&utm_campaign=local_profiles,"['Monday: 8:00 AM – 5:00 PM', 'Tuesday: 9:00 AM – 6:00 PM', 'Wednesday: 10:00 AM – 7:00 PM', 'Thursday: 10:00 AM – 7:00 PM', 'Friday: Closed', 'Saturday: 8:00 AM – 2:00 PM', 'Sunday: Closed']",4.3
48,The Super Dentists,"3625 Vista Way, Oceanside, CA 92056, USA",+1 760-336-8478,https://www.thesuperdentists.com/locations/oceanside-dentist/,"['Monday: 8:00 AM – 5:00 PM', 'Tuesday: 8:00 AM – 5:00 PM', 'Wednesday: 10:00 AM – 7:00 PM', 'Thursday: 9:00 AM – 6:00 PM', 'Friday: 7:00 AM – 4:00 PM', 'Saturday: Closed', 'Sunday: Closed']",4.0
49,LIBERTY Dental Plan of California,"340 Commerce, Irvine, CA 92602, USA",+1 888-703-6999,http://www.libertydentalplan.com/,"['Monday: 8:00 AM – 5:00 PM', 'Tuesday: 8:00 AM – 5:00 PM', 'Wednesday: 8:00 AM – 5:00 PM', 'Thursday: 8:00 AM – 5:00 PM', 'Friday: 8:00 AM – 5:00 PM', 'Saturday: Closed', 'Sunday: Closed']",2.4
50,Livermore Dental Care: David Gibson DDS,"1171 Murrieta Blvd #101, Livermore, CA 94550, USA",+1 925-455-9510,http://www.livermoredentalcare.com/,"['Monday: 7:00 AM – 7:00 PM', 'Tuesday: 7:00 AM – 7:00 PM', 'Wednesday: 7:00 AM – 7:00 PM', 'Thursday: 7:00 AM – 7:00 PM', 'Friday: 8:00 AM – 2:00 PM', 'Saturday: 8:00 AM – 2:00 PM', 'Sunday: Closed']",4.9
51,Western Dental & Orthodontics,"285 W El Monte Way, Dinuba, CA 93618, USA",+1 559-302-9145,https://www.westerndental.com/en-us/find-a-location/california/dinuba/285-w-el-monte-way,"['Monday: 9:00 AM – 6:00 PM', 'Tuesday: 9:00 AM – 6:00 PM', 'Wednesday: 9:00 AM – 6:00 PM', 'Thursday: 9:00 AM – 6:00 PM', 'Friday: 9:00 AM – 6:00 PM', 'Saturday: 8:00 AM – 4:30 PM', 'Sunday: Closed']",4.0
52,"Mark Luzania, DDS, Dentist in Reedley CA 93654","1117 G St, Reedley, CA 93654, USA",+1 559-638-1777,http://www.markluzaniadds.com/,"['Monday: 8:00 AM – 5:00 PM', 'Tuesday: 8:00 AM – 5:00 PM', 'Wednesday: 8:00 AM – 5:00 PM', 'Thursday: 8:00 AM – 5:00 PM', 'Friday: Closed', 'Saturday: Closed', 'Sunday: Closed']",4.6
53,Prestige Dental,"1060 E Green St #203, Pasadena, CA 91106, USA",+1 626-577-2017,http://prestigedentalpasadena.com/,"['Monday: 9:00 AM – 6:00 PM', 'Tuesday: 9:00 AM – 6:00 PM', 'Wednesday: 9:00 AM – 6:00 PM', 'Thursday: 9:00 AM – 6:00 PM', 'Friday: 9:00 AM – 6:00 PM', 'Saturday: 9:00 AM – 3:00 PM', 'Sunday: Closed']",4.9
54,Comfort Dental,"2291 Las Positas Rd, Livermore, CA 94551, USA",+1 925-245-9028,http://comfortdental.com/,"['Monday: 9:00 AM – 5:00 PM', 'Tuesday: 9:00 AM – 5:00 PM', 'Wednesday: 9:00 AM – 5:00 PM', 'Thursday: 9:00 AM – 5:00 PM', 'Friday: 9:00 AM – 5:00 PM', 'Saturday: Closed', 'Sunday: Closed']",4.0
55,Allure Dental Center Mountain View CA,"570 N Shoreline Blvd, Mountain View, CA 94043, USA",+1 650-538-8826,http://www.alluredentalcenter.com/,"['Monday: 10:00 AM – 7:00 PM', 'Tuesday: 9:00 AM – 6:00 PM', 'Wednesday: 9:00 AM – 6:00 PM', 'Thursday: 9:00 AM – 6:00 PM', 'Friday: 9:00 AM – 6:00 PM', 'Saturday: Closed', 'Sunday: Closed']",4.8
56,St Joseph Family Dentistry,"2827 Whitson St, Selma, CA 93662, USA",+1 559-891-0888,,"['Monday: 9:00 AM – 6:00 PM', 'Tuesday: 9:00 AM – 6:00 PM', 'Wednesday: 9:00 AM – 6:00 PM', 'Thursday: 9:00 AM – 6:00 PM', 'Friday: 9:00 AM – 1:00 PM', 'Saturday: Closed', 'Sunday: Closed']",3.2
57,Western Dental & Orthodontics,"975 Veterans Blvd, Redwood City, CA 94063, USA",+1 650-480-5465,https://www.westerndental.com/en-us/find-a-location/california/redwood-city/975-veterans-blvd,"['Monday: 9:00 AM – 7:00 PM', 'Tuesday: 9:00 AM – 7:00 PM', 'Wednesday: 9:00 AM – 7:00 PM', 'Thursday: 9:00 AM – 7:00 PM', 'Friday: 9:00 AM – 7:00 PM', 'Saturday: 8:00 AM – 4:30 PM', 'Sunday: Closed']",3.6
58,New Smile Dental,"405 South La Brea Ave, Inglewood, CA 90301, USA",+1 310-674-5555,http://www.newsmiledental.com/,"['Monday: Open 24 hours', 'Tuesday: Open 24 hours', 'Wednesday: Open 24 hours', 'Thursday: Open 24 hours', 'Friday: Open 24 hours', 'Saturday: Open 24 hours', 'Sunday: Open 24 hours']",4.5
59,Western Dental & Orthodontics,"210 N 11th Ave, Hanford, CA 93230, USA",+1 559-772-3418,https://www.westerndental.com/en-us/find-a-location/california/hanford/210-n-11th-ave,"['Monday: 9:00 AM – 6:00 PM', 'Tuesday: 9:00 AM – 6:00 PM', 'Wednesday: Closed', 'Thursday: 9:00 AM – 6:00 PM', 'Friday: 9:00 AM – 6:00 PM', 'Saturday: 8:00 AM – 4:30 PM', 'Sunday: Closed']",3.6
60,Owjl Dental Corporation,"530 6th St, Orange Cove, CA 93646, USA",+1 559-626-4547,,"['Monday: 8:30 AM – 5:00 PM', 'Tuesday: 8:30 AM – 5:00 PM', 'Wednesday: Closed', 'Thursday: 8:30 AM – 5:00 PM', 'Friday: Closed', 'Saturday: 8:00 AM – 12:00 PM', 'Sunday: Closed']",5.0
61,Western Dental & Orthodontics,"4518 Lone Tree Way, Antioch, CA 94531, USA",+1 925-529-8293,https://www.westerndental.com/en-us/find-a-location/california/antioch/4518-lone-tree-way,"['Monday: 9:00 AM – 7:00 PM', 'Tuesday: 9:00 AM – 7:00 PM', 'Wednesday: 9:00 AM – 7:00 PM', 'Thursday: 9:00 AM – 7:00 PM', 'Friday: 9:00 AM – 7:00 PM', 'Saturday: 8:00 AM – 4:30 PM', 'Sunday: Closed']",2.4
62,"Dr. Bert F. Engstrom, DMD","1122 Rose Ave #1, Selma, CA 93662, USA",+1 559-896-0323,http://www.engstromdental.com/,"['Monday: 8:00 AM – 1:00 PM, 2:00 – 5:00 PM', 'Tuesday: 8:00 AM – 1:00 PM, 2:00 – 5:00 PM', 'Wednesday: 8:00 AM – 1:00 PM, 2:00 – 5:00 PM', 'Thursday: 8:00 AM – 1:00 PM, 2:00 – 5:00 PM', 'Friday: 8:00 AM – 1:00 PM, 2:00 – 5:00 PM', 'Saturday: Closed', 'Sunday: Closed']",3.7
63,Sonora Dentist,"13945 Mono Way, Sonora, CA 95370, USA",+1 209-533-9630,https://sonoradentist.com/,"['Monday: Closed', 'Tuesday: 8:00 AM – 5:00 PM', 'Wednesday: 8:00 AM – 5:00 PM', 'Thursday: 8:00 AM – 5:00 PM', 'Friday: 8:00 AM – 5:00 PM', 'Saturday: Closed', 'Sunday: Closed']",4.8
64,Claremont Dental Institute,"601 E Foothill Blvd, Claremont, CA 91711, USA",+1 909-625-4101,https://www.claremontdentalinstitute.com/?utm_source=GMBlisting&utm_medium=organic,"['Monday: 8:00 AM – 7:00 PM', 'Tuesday: 8:00 AM – 6:00 PM', 'Wednesday: 8:00 AM – 5:00 PM', 'Thursday: 8:00 AM – 6:00 PM', 'Friday: 7:00 AM – 3:00 PM', 'Saturday: Closed', 'Sunday: Closed']",4.8
65,Escondido Family Dental Care & Specialty Center,"910 E Ohio Ave #201, Escondido, CA 92025, USA",+1 760-201-4089,https://www.escondidofamilydentistry.com/,"['Monday: 9:00 AM – 6:00 PM', 'Tuesday: 9:00 AM – 6:00 PM', 'Wednesday: 9:00 AM – 6:00 PM', 'Thursday: 9:00 AM – 6:00 PM', 'Friday: 9:00 AM – 4:00 PM', 'Saturday: 9:00 AM – 3:00 PM', 'Sunday: Closed']",4.9
66,Pacific Dental Care and Fastbraces®,"4430 Willow Rd ste h, Pleasanton, CA 94588, USA",+1 925-426-1300,http://www.pacificdental.com/,"['Monday: 7:00 AM – 4:00 PM', 'Tuesday: 7:00 AM – 4:00 PM', 'Wednesday: 10:00 AM – 7:00 PM', 'Thursday: 10:00 AM – 7:00 PM', 'Friday: 9:00 AM – 5:00 PM', 'Saturday: 9:00 AM – 3:00 PM', 'Sunday: Closed']",4.9
67,Western Dental & Orthodontics,"4195 E Shields Ave, Fresno, CA 93726, USA",+1 559-490-1337,https://www.westerndental.com/en-us/find-a-location/california/fresno/4195-e-shields-ave,"['Monday: 9:00 AM – 7:00 PM', 'Tuesday: 9:00 AM – 7:00 PM', 'Wednesday: 9:00 AM – 7:00 PM', 'Thursday: 9:00 AM – 7:00 PM', 'Friday: 9:00 AM – 7:00 PM', 'Saturday: 8:00 AM – 4:30 PM', 'Sunday: Closed']",3.7
68,Access Dental,"2707 Valley Blvd #200, West Covina, CA 91792, USA",+1 626-964-9200,https://www.accessdental.com/,"['Monday: 9:00 AM – 5:00 PM', 'Tuesday: 9:00 AM – 5:00 PM', 'Wednesday: 9:00 AM – 5:00 PM', 'Thursday: 9:00 AM – 5:00 PM', 'Friday: 9:00 AM – 5:00 PM', 'Saturday: 9:00 AM – 5:00 PM', 'Sunday: Closed']",4.6
69,Alta Dental Care,"311 E Foothill Blvd, Upland, CA 91786, USA",+1 909-451-8300,https://mydentistupland.com/,"['Monday: 10:00 AM – 7:00 PM', 'Tuesday: 9:00 AM – 5:00 PM', 'Wednesday: 9:00 AM – 5:00 PM', 'Thursday: 9:00 AM – 5:00 PM', 'Friday: 9:00 AM – 5:00 PM', 'Saturday: 8:00 AM – 1:00 PM', 'Sunday: Closed']",4.8
70,Merced Pediatric Dentistry - Marie Moran DDS,"113 W El Portal Dr suite b, Merced, CA 95348, USA",+1 209-383-7804,http://www.mercedpediatricdentistry.com/,"['Monday: 8:00 AM – 5:00 PM', 'Tuesday: 8:00 AM – 5:00 PM', 'Wednesday: 8:00 AM – 5:00 PM', 'Thursday: 8:00 AM – 5:00 PM', 'Friday: 8:00 AM – 5:00 PM', 'Saturday: Closed', 'Sunday: Closed']",4.8
71,Ideal Smile Dentistry,"475 E Almond Ave #103, Madera, CA 93637, USA",+1 559-662-1010,http://idealsmiledentistry.com/,"['Monday: 9:30 AM – 6:30 PM', 'Tuesday: 9:30 AM – 6:30 PM', 'Wednesday: Closed', 'Thursday: 9:30 AM – 6:30 PM', 'Friday: 9:30 AM – 6:30 PM', 'Saturday: 9:00 AM – 2:00 PM', 'Sunday: Closed']",4.9
72,Clovis Family Dentistry,"1795 Herndon Ave #104, Clovis, CA 93611, USA",+1 559-840-4330,http://www.clovisfamilydentistry.com/,"['Monday: 9:00 AM – 6:00 PM', 'Tuesday: 9:30 AM – 7:00 PM', 'Wednesday: 9:30 AM – 7:00 PM', 'Thursday: 9:30 AM – 7:00 PM', 'Friday: 8:00 AM – 5:00 PM', 'Saturday: Closed', 'Sunday: Closed']",4.2
73,StarWhite Dental,"40250 Murrieta Hot Springs Rd #119, Murrieta, CA 92563, USA",+1 951-698-4426,https://www.starwhitedental.com/,"['Monday: 8:00 AM – 5:00 PM', 'Tuesday: 8:00 AM – 5:00 PM', 'Wednesday: 8:00 AM – 5:00 PM', 'Thursday: 9:00 AM – 6:00 PM', 'Friday: 8:00 AM – 5:00 PM', 'Saturday: Closed', 'Sunday: Closed']",4.9
74,Access Dental,"Sacramento, CA 95820, USA",,https://www.accessdental.com/,None,
75,Access dental,"1391 W 38th St, Los Angeles, CA 90062, USA",,https://www.accessdental.com/,None,1.0
76,Dentists of Fontana,"16944 S Highland Ave Ste 400, Fontana, CA 92336, USA",+1 909-275-7179,https://www.dentistsoffontana.com/?sc_cid=google:o:gmb,"['Monday: 8:00 AM – 5:00 PM', 'Tuesday: 10:00 AM – 7:00 PM', 'Wednesday: 9:00 AM – 6:00 PM', 'Thursday: 9:00 AM – 6:00 PM', 'Friday: 8:00 AM – 4:00 PM', 'Saturday: 8:00 AM – 3:00 PM', 'Sunday: Closed']",5.0
77,Parkside Dental Care,"1325 Travis Blvd D, Fairfield, CA 94533, USA",+1 707-427-2222,http://parksidedental.com/,"['Monday: 8:00 AM – 5:00 PM', 'Tuesday: 7:00 AM – 6:00 PM', 'Wednesday: 8:00 AM – 5:00 PM', 'Thursday: 7:00 AM – 6:00 PM', 'Friday: 8:00 AM – 5:00 PM', 'Saturday: 8:00 AM – 4:00 PM', 'Sunday: Closed']",4.8
78,Glenn Dental,"16098 Kamana Rd #101, Apple Valley, CA 92307, USA",+1 760-242-2620,http://glenndental.com/,"['Monday: 8:00 AM – 5:00 PM', 'Tuesday: 8:00 AM – 6:00 PM', 'Wednesday: 8:00 AM – 5:00 PM', 'Thursday: 8:00 AM – 6:00 PM', 'Friday: 8:00 AM – 6:00 PM', 'Saturday: 8:00 AM – 2:00 PM', 'Sunday: Closed']",4.9
79,Dr. Joe Dentistry,"22248 Palos Verdes Blvd, Torrance, CA 90505, USA",+1 310-570-2234,http://www.drjoedentistry.com/,"['Monday: 9:00 AM – 8:00 PM', 'Tuesday: 1:00 – 8:00 PM', 'Wednesday: 9:00 AM – 7:00 PM', 'Thursday: 9:00 AM – 7:00 PM', 'Friday: Closed', 'Saturday: Closed', 'Sunday: 9:00 AM – 3:00 PM']",4.4
80,Guillermo Donan DDS Fresno Dentist,"125 E Barstow Ave #101, Fresno, CA 93710, USA",+1 559-222-9923,http://www.smilesbydrdonan.com/,"['Monday: 8:00 AM – 5:00 PM', 'Tuesday: 8:00 AM – 5:00 PM', 'Wednesday: 8:00 AM – 5:00 PM', 'Thursday: 8:00 AM – 5:00 PM', 'Friday: 8:00 AM – 5:00 PM', 'Saturday: Closed', 'Sunday: Closed']",5.0
81,"Curt P. Posey DDS, Inc.","7078 N Maple Ave #105, Fresno, CA 93720, USA",+1 559-227-6755,http://www.drposeydds.com/,"['Monday: 8:30 AM – 5:30 PM', 'Tuesday: 8:30 AM – 5:30 PM', 'Wednesday: 8:30 AM – 5:30 PM', 'Thursday: 8:30 AM – 5:30 PM', 'Friday: Closed', 'Saturday: Closed', 'Sunday: Closed']",5.0
82,"Bellflower Dental Group - Dr. Arkady Tsibel, DDS","10318 Rosecrans Ave, Bellflower, CA 90706, USA",+1 562-925-3765,https://www.bellflowerdentalgroup.com/,"['Monday: Closed', 'Tuesday: 9:00 AM – 6:00 PM', 'Wednesday: 9:00 AM – 6:00 PM', 'Thursday: 12:00 – 8:00 PM', 'Friday: 9:00 AM – 6:00 PM', 'Saturday: 9:00 AM – 4:30 PM', 'Sunday: Closed']",4.1
83,Western Dental & Orthodontics,"1230 S Mooney Blvd, Visalia, CA 93277, USA",+1 559-802-4299,https://www.westerndental.com/en-us/find-a-location/california/visalia/1230-s-mooney-blvd,"['Monday: 9:00 AM – 7:00 PM', 'Tuesday: 9:00 AM – 7:00 PM', 'Wednesday: 9:00 AM – 7:00 PM', 'Thursday: 9:00 AM – 7:00 PM', 'Friday: 9:00 AM – 7:00 PM', 'Saturday: 8:00 AM – 4:30 PM', 'Sunday: Closed']",4.2
84,Sierra Dental Group,"11201 Sierra Ave Ste 1F, Fontana, CA 92337, USA",+1 909-355-3299,,"['Monday: 9:00 AM – 5:00 PM', 'Tuesday: 10:00 AM – 6:00 PM', 'Wednesday: 11:00 AM – 7:00 PM', 'Thursday: 10:00 AM – 6:00 PM', 'Friday: 10:00 AM – 6:00 PM', 'Saturday: 8:00 AM – 2:00 PM', 'Sunday: Closed']",4.9
85,OnCall Dental - Fresno,"5492 N Palm Ave ste a, Fresno, CA 93704, USA",+1 559-900-2332,https://www.oncalldentalfresno.com/,"['Monday: 7:00 AM – 5:00 PM', 'Tuesday: 8:00 AM – 5:00 PM', 'Wednesday: 7:00 AM – 6:00 PM', 'Thursday: 9:00 AM – 6:00 PM', 'Friday: 7:00 AM – 2:00 PM', 'Saturday: 8:00 AM – 2:00 PM', 'Sunday: 8:00 AM – 2:00 PM']",4.9
86,Family Dental Care,"4857 E Kings Canyon Rd, Fresno, CA 93727, USA",+1 559-251-7191,,"['Monday: 9:00 AM – 6:00 PM', 'Tuesday: 9:00 AM – 6:00 PM', 'Wednesday: 9:00 AM – 6:00 PM', 'Thursday: 9:00 AM – 6:00 PM', 'Friday: Closed', 'Saturday: Closed', 'Sunday: Closed']",4.0
87,All Smiles Family & Children Dentistry,"4125 Ventura Ave, Fresno, CA 93702, USA",+1 559-477-4411,https://all-smiles-family-children-dentistry.business.site/,"['Monday: 8:00 AM – 7:00 PM', 'Tuesday: 8:00 AM – 7:00 PM', 'Wednesday: 8:00 AM – 7:00 PM', 'Thursday: 8:00 AM – 7:00 PM', 'Friday: 8:00 AM – 7:00 PM', 'Saturday: 8:00 AM – 5:00 PM', 'Sunday: Closed']",4.2
88,Santa Cruz Dental Group,"1017 Mission St, Santa Cruz, CA 95060, USA",+1 831-426-3535,https://santa-cruz-dental-group.business.site/,"['Monday: 8:00 AM – 5:00 PM', 'Tuesday: 8:00 AM – 5:00 PM', 'Wednesday: 8:00 AM – 5:00 PM', 'Thursday: 8:00 AM – 5:00 PM', 'Friday: 8:00 AM – 5:00 PM', 'Saturday: Closed', 'Sunday: Closed']",5.0
89,Better Life Center for Implant and General Dentistry,"6535 N Palm Ave #102, Fresno, CA 93704, USA",+1 559-435-3200,http://www.betterlifedentistry.com/,"['Monday: 8:00 AM – 5:00 PM', 'Tuesday: 8:00 AM – 5:00 PM', 'Wednesday: 8:00 AM – 5:00 PM', 'Thursday: 8:00 AM – 5:00 PM', 'Friday: Closed', 'Saturday: Closed', 'Sunday: Closed']",5.0
90,Western Dental & Orthodontics,"1255 W Shields Ave, Fresno, CA 93705, USA",+1 559-490-1326,https://www.westerndental.com/en-us/find-a-location/california/fresno/1255-w-shields-ave,"['Monday: 9:00 AM – 7:00 PM', 'Tuesday: 9:00 AM – 7:00 PM', 'Wednesday: 9:00 AM – 7:00 PM', 'Thursday: 9:00 AM – 7:00 PM', 'Friday: 9:00 AM – 7:00 PM', 'Saturday: 8:00 AM – 4:30 PM', 'Sunday: Closed']",4.0
91,"Dr. Cristian I. Panoff, DDS","13669 E Manning Ave, Parlier, CA 93648, USA",+1 559-646-7506,,"['Monday: 8:00 AM – 5:00 PM', 'Tuesday: 8:00 AM – 5:00 PM', 'Wednesday: 9:00 AM – 5:00 PM', 'Thursday: Closed', 'Friday: Closed', 'Saturday: Closed', 'Sunday: Closed']",3.0
92,Cypress Dental of Petaluma,"3835 Cypress Dr #101, Petaluma, CA 94954, USA",+1 707-238-3717,https://www.cypressdentalpetaluma.com/?utm_source=gmblisting&utm_medium=organic,"['Monday: 8:00 AM – 5:00 PM', 'Tuesday: 8:00 AM – 5:00 PM', 'Wednesday: 8:00 AM – 5:00 PM', 'Thursday: 8:00 AM – 5:00 PM', 'Friday: Closed', 'Saturday: Closed', 'Sunday: Closed']",4.0
93,Bullard Dental Plaza,"323 E Bullard Ave # 104, Fresno, CA 93710, USA",+1 559-439-9990,http://www.bullarddental.com/,"['Monday: 9:00 AM – 6:00 PM', 'Tuesday: 9:00 AM – 6:00 PM', 'Wednesday: 9:00 AM – 6:00 PM', 'Thursday: 9:00 AM – 6:00 PM', 'Friday: 9:00 AM – 2:00 PM', 'Saturday: Closed', 'Sunday: Closed']",3.5
94,Pacific Dental Services Orange County Support Office,"2393 N Tustin St A, Orange, CA 92865, USA",+1 714-453-0215,https://www.pacificdentalservices.com/about/find-an-office/?specialty=&zipcode=92865,None,5.0
95,Kahle Stephanie DDS,"6800 Palm Ave, Sebastopol, CA 95472, USA",+1 707-823-7417,http://www.stephaniekahledds.com/,None,5.0
96,Del Mar Dental Center: Gill Damanjit S DDS,"1211 N Del Mar Ave, Fresno, CA 93728, USA",+1 559-497-8300,,None,
97,Fig Garden Dental Group,"1008 W Shaw Ave #105, Fresno, CA 93711, USA",+1 559-227-0027,https://www.figgardendentalgroup.com/?sc_cid=google:o:gmb,"['Monday: 8:00 AM – 5:00 PM', 'Tuesday: 8:00 AM – 5:00 PM', 'Wednesday: 9:00 AM – 6:00 PM', 'Thursday: 8:00 AM – 5:00 PM', 'Friday: 7:00 AM – 4:00 PM', 'Saturday: Closed', 'Sunday: Closed']",3.0
98,Andrew B. Cheong DDS - Adelaide Family Dentistry,"620 E Adelaide Way, Dinuba, CA 93618, USA",+1 559-591-1557,http://www.dinubadentist.com/,"['Monday: 8:00 AM – 4:45 PM', 'Tuesday: 8:00 AM – 4:45 PM', 'Wednesday: 8:00 AM – 4:45 PM', 'Thursday: 8:00 AM – 4:45 PM', 'Friday: Closed', 'Saturday: Closed', 'Sunday: Closed']",5.0
99,Pacific Dental,"6880 65th St, Sacramento, CA 95828, USA",+1 916-399-1888,https://www.pacificdentalservices.com/,"['Monday: 9:00 – 10:00 AM', 'Tuesday: 9:00 – 10:00 AM', 'Wednesday: 9:00 – 10:00 AM', 'Thursday: 9:00 – 10:00 AM', 'Friday: 9:00 – 10:00 AM', 'Saturday: 9:00 – 10:00 AM', 'Sunday: 9:00 – 10:00 AM']",1.7
100,"Sweet Dentistry: Daniel R. Sweet, DDS","1990 Shaw Ave, Clovis, CA 93611, USA",+1 559-298-2575,https://www.sweetdds.com/,"['Monday: 8:00 AM – 5:00 PM', 'Tuesday: 8:00 AM – 5:00 PM', 'Wednesday: 8:00 AM – 5:00 PM', 'Thursday: 8:00 AM – 5:00 PM', 'Friday: 9:00 AM – 3:00 PM', 'Saturday: Closed', 'Sunday: Closed']",4.9
101,Marquez Family Dentistry,"4287 N First St, Fresno, CA 93726, USA",+1 559-224-6934,,"['Monday: 9:00 AM – 6:00 PM', 'Tuesday: 9:00 AM – 6:00 PM', 'Wednesday: Closed', 'Thursday: 9:00 AM – 6:00 PM', 'Friday: 9:00 AM – 6:00 PM', 'Saturday: Closed', 'Sunday: Closed']",5.0
102,Deborah Finegold Inc,"1164 Rose Ave, Selma, CA 93662, USA",+1 559-896-3145,,"['Monday: 8:30 AM – 5:00 PM', 'Tuesday: 8:30 AM – 5:00 PM', 'Wednesday: 8:30 AM – 5:00 PM', 'Thursday: 8:30 AM – 5:00 PM', 'Friday: 8:30 AM – 5:00 PM', 'Saturday: Closed', 'Sunday: Closed']",4.1
103,Bullard Dental Plaza: Pouresmail Manouchehr DDS,"323 E Bullard Ave # 104, Fresno, CA 93710, USA",+1 559-439-9990,https://www.bullarddental.com/,"['Monday: 9:00 AM – 6:00 PM', 'Tuesday: 9:00 AM – 6:00 PM', 'Wednesday: 9:00 AM – 6:00 PM', 'Thursday: 9:00 AM – 6:00 PM', 'Friday: 9:00 AM – 2:00 PM', 'Saturday: Closed', 'Sunday: Closed']",
104,"Dentist Sanger - Dr. Harjit S. Mann, DDS","2514 Jensen Ave #101, Sanger, CA 93657, USA",+1 559-875-7980,https://www.drmanndentist.com/,"['Monday: 9:30 AM – 5:30 PM', 'Tuesday: Closed', 'Wednesday: 9:30 AM – 5:30 PM', 'Thursday: Closed', 'Friday: 9:30 AM – 5:30 PM', 'Saturday: Closed', 'Sunday: Closed']",3.3
105,Jason Rountree Family Dentistry,"1376 Smith St, Kingsburg, CA 93631, USA",+1 559-897-3322,http://jmrountreedds.com/,"['Monday: 8:00 AM – 5:00 PM', 'Tuesday: 8:00 AM – 5:00 PM', 'Wednesday: 8:00 AM – 5:00 PM', 'Thursday: 8:00 AM – 5:00 PM', 'Friday: Closed', 'Saturday: Closed', 'Sunday: Closed']",4.8
106,"Selma Sunshine Dental: Mandeep Sandhu, DDS","2059 High St, Selma, CA 93662, USA",+1 559-254-8112,https://www.selmasunshinedental.com/?utm_source=gmb_auth,"['Monday: 9:00 AM – 5:00 PM', 'Tuesday: 9:00 AM – 5:00 PM', 'Wednesday: 9:00 AM – 5:00 PM', 'Thursday: 9:00 AM – 5:00 PM', 'Friday: 9:00 AM – 5:00 PM', 'Saturday: Closed', 'Sunday: Closed']",4.0
107,Tiu Dennis L DDS,"2827 Whitson St, Selma, CA 93662, USA",+1 559-891-0888,,None,4.0
108,"Gerald M Schneider DDS, Nathan A Loeffler DDS","100 N Stevenson St, Visalia, CA 93291, USA",+1 559-627-0292,http://myvisaliadentist.com/,"['Monday: 7:00 AM – 5:00 PM', 'Tuesday: 7:00 AM – 12:00 PM, 2:00 – 5:00 PM', 'Wednesday: 7:00 AM – 12:00 PM', 'Thursday: 7:00 AM – 5:00 PM', 'Friday: 7:00 AM – 12:00 PM', 'Saturday: Closed', 'Sunday: Closed']",5.0
109,SmileRite Family Dentistry,"121 N I St, Madera, CA 93637, USA",+1 559-673-3581,http://www.smileritefamilydentistry.com/,"['Monday: 9:00 AM – 6:00 PM', 'Tuesday: 8:00 AM – 5:00 PM', 'Wednesday: Closed', 'Thursday: 8:00 AM – 5:00 PM', 'Friday: 8:00 AM – 5:00 PM', 'Saturday: Closed', 'Sunday: Closed']",4.9
110,A Dental Care 24Hrs,"7077 N West Ave #107, Fresno, CA 93711, USA",+1 559-438-4646,http://www.dentistry24hrs.com/,"['Monday: 8:00 AM – 5:00 PM', 'Tuesday: 7:00 AM – 3:00 PM', 'Wednesday: 1:30 – 7:00 PM', 'Thursday: 1:30 – 7:00 PM', 'Friday: 8:00 AM – 12:00 PM', 'Saturday: Closed', 'Sunday: Closed']",4.7
111,Smile Island Pediatric & Adult Dental Group,"6522 Lonetree Blvd, Rocklin, CA 95765, USA",+1 916-773-6565,http://www.smileislanddentalgroup.com/,"['Monday: 8:00 AM – 5:00 PM', 'Tuesday: 8:00 AM – 5:00 PM', 'Wednesday: 8:00 AM – 5:00 PM', 'Thursday: 8:00 AM – 5:00 PM', 'Friday: 7:30 AM – 3:30 PM', 'Saturday: Closed', 'Sunday: Closed']",4.8
112,Fresno Dental Works,"5671 N Palm Ave #1826, Fresno, CA 93704, USA",+1 559-252-7600,http://www.fresnodentalworks.com/,"['Monday: 8:00 AM – 5:00 PM', 'Tuesday: 8:00 AM – 5:00 PM', 'Wednesday: 8:00 AM – 5:00 PM', 'Thursday: 8:00 AM – 5:00 PM', 'Friday: 9:00 AM – 3:00 PM', 'Saturday: Closed', 'Sunday: Closed']",5.0
113,"Michael T. Bodensteiner, DDS","4148 S Demaree St #A, Visalia, CA 93277, USA",+1 559-635-0900,https://www.visaliacadentist.com/,"['Monday: 7:00 AM – 4:00 PM', 'Tuesday: 7:00 AM – 4:00 PM', 'Wednesday: 7:00 AM – 4:00 PM', 'Thursday: 7:00 AM – 4:00 PM', 'Friday: 8:00 AM – 11:00 PM', 'Saturday: Closed', 'Sunday: Closed']",5.0
114,Hurst Dental Care,"4690 Genesee Ave Suite A, San Diego, CA 92117, USA",+1 858-560-9696,https://www.dentists-san-diego.com/,"['Monday: 7:00 AM – 7:00 PM', 'Tuesday: 7:00 AM – 7:00 PM', 'Wednesday: 7:00 AM – 7:00 PM', 'Thursday: 7:00 AM – 7:00 PM', 'Friday: 8:00 AM – 1:00 PM', 'Saturday: Closed', 'Sunday: Closed']",4.8
115,"PhD Dental Pico Rivera Adults, Kids, Implants & Orthodontics","8604 Whittier Blvd, Pico Rivera, CA 90660, USA",+1 562-205-4591,https://www.phddental.com/?utm_source=organic&utm_medium=local&utm_campaign=gmbpr,"['Monday: 9:00 AM – 6:00 PM', 'Tuesday: 10:30 AM – 7:30 PM', 'Wednesday: 10:30 AM – 7:30 PM', 'Thursday: 10:30 AM – 7:30 PM', 'Friday: 8:00 AM – 4:30 PM', 'Saturday: Closed', 'Sunday: Closed']",4.6
116,Advanced Dental Care,"3033 Bristol St. Ste. AA, Costa Mesa, CA 92626, USA",+1 714-424-9099,https://www.mycostamesadentist.com/,"['Monday: 9:00 AM – 7:00 PM', 'Tuesday: 9:00 AM – 5:00 PM', 'Wednesday: 8:00 AM – 6:00 PM', 'Thursday: 9:00 AM – 7:00 PM', 'Friday: 9:00 AM – 5:00 PM', 'Saturday: 9:00 AM – 4:00 PM', 'Sunday: Closed']",5.0
117,Angels Family Dental,"3664 W Shaw Ave, Fresno, CA 93711, USA",+1 559-277-5800,https://angels-family-dental.business.site/?utm_source=gmb&utm_medium=referral,"['Monday: 9:00 AM – 1:00 PM, 2:00 – 6:00 PM', 'Tuesday: 9:00 AM – 1:00 PM, 2:00 – 6:00 PM', 'Wednesday: 9:00 AM – 1:00 PM, 2:00 – 6:00 PM', 'Thursday: 9:00 AM – 1:00 PM, 2:00 – 6:00 PM', 'Friday: 9:00 AM – 2:00 PM', 'Saturday: Closed', 'Sunday: Closed']",4.1
118,"Dr. Bruce Nakashian, DDS","432 W Shaw Ave, Fresno, CA 93704, USA",+1 559-226-7021,,"['Monday: 8:00 AM – 5:00 PM', 'Tuesday: 8:00 AM – 5:00 PM', 'Wednesday: 8:00 AM – 5:00 PM', 'Thursday: 8:00 AM – 5:00 PM', 'Friday: 8:00 AM – 5:00 PM', 'Saturday: Closed', 'Sunday: Closed']",4.7
119,Golden Dental,"1011 E Ave. J, Lancaster, CA 93535, USA",+1 661-948-8100,http://www.goldendental.org/,"['Monday: 9:00 AM – 6:00 PM', 'Tuesday: 9:00 AM – 5:00 PM', 'Wednesday: 9:00 AM – 6:00 PM', 'Thursday: 9:00 AM – 5:00 PM', 'Friday: 9:00 AM – 6:00 PM', 'Saturday: Closed', 'Sunday: Closed']",4.1
120,Our Dental Care: James C. Ma D.D.S.,"2017 E Prosperity Ave, Tulare, CA 93274, USA",+1 559-688-4111,http://ourdentalcare.com/,"['Monday: 8:00 AM – 5:00 PM', 'Tuesday: 9:00 AM – 6:00 PM', 'Wednesday: 8:00 AM – 5:00 PM', 'Thursday: 9:00 AM – 6:00 PM', 'Friday: 8:00 AM – 5:00 PM', 'Saturday: Closed', 'Sunday: Closed']",5.0
121,"Smile Makeover Anoosheh Shahkarami, DDS","18399 Ventura Blvd #251, Tarzana, CA 91356, USA",+1 818-345-5286,,None,
122,Otto Alonzo DDS,"145 Shaw Ave, Clovis, CA 93612, USA",+1 559-325-2175,,"['Monday: 9:00 AM – 5:30 PM', 'Tuesday: 9:00 AM – 5:30 PM', 'Wednesday: 9:00 AM – 5:30 PM', 'Thursday: 9:00 AM – 5:30 PM', 'Friday: 9:00 AM – 5:30 PM', 'Saturday: Closed', 'Sunday: Closed']",5.0
123,High Sierra Dental Center: Office Of Saleem M. Kiwan DDS,"4820 N First St #105, Fresno, CA 93726, USA",+1 559-224-3110,http://www.highsierradental.net/,"['Monday: 9:00 AM – 5:00 PM', 'Tuesday: 9:00 AM – 5:00 PM', 'Wednesday: 9:00 AM – 5:00 PM', 'Thursday: 9:00 AM – 5:00 PM', 'Friday: Closed', 'Saturday: Closed', 'Sunday: Closed']",
124,Western Dental Dentistry: Lee Jing W DDS,"1213 W Henderson Ave, Porterville, CA 93257, USA",+1 559-306-3240,https://www.westerndental.com/en-US/dentists/california/porterville/1213-w-henderson-ave/,"['Monday: 9:00 AM – 6:00 PM', 'Tuesday: 9:00 AM – 6:00 PM', 'Wednesday: 9:00 AM – 6:00 PM', 'Thursday: 9:00 AM – 6:00 PM', 'Friday: 9:00 AM – 6:00 PM', 'Saturday: 8:00 AM – 4:30 PM', 'Sunday: Closed']",
125,Western Dental Kids,"3920 N Cedar Ave, Fresno, CA 93726, USA",+1 559-412-5515,https://www.westerndental.com/en-us/find-a-location/california/fresno/3920-n-cedar-ave,"['Monday: 9:00 AM – 6:00 PM', 'Tuesday: 9:00 AM – 6:00 PM', 'Wednesday: 9:00 AM – 6:00 PM', 'Thursday: 9:00 AM – 6:00 PM', 'Friday: 9:00 AM – 6:00 PM', 'Saturday: 8:00 AM – 3:00 PM', 'Sunday: Closed']",3.9
126,Affordable Dentures & Implants,"1740 Santa Clara Dr #100b, Roseville, CA 95661, USA",+1 916-432-3803,http://www.affordabledentures.com/office/roseville,"['Monday: 8:00 AM – 5:00 PM', 'Tuesday: 8:00 AM – 5:00 PM', 'Wednesday: 8:00 AM – 5:00 PM', 'Thursday: 8:00 AM – 5:00 PM', 'Friday: 8:00 AM – 5:00 PM', 'Saturday: Closed', 'Sunday: Closed']",4.8
127,Clovis Crossing Dental Group and Orthodontics,"1095 Herndon Ave Ste 102, Clovis, CA 93612, USA",+1 559-326-5272,https://www.cloviscrossingdentalgroup.com/?sc_cid=google:o:gmb,"['Monday: 8:00 AM – 6:00 PM', 'Tuesday: 8:00 AM – 6:00 PM', 'Wednesday: 8:00 AM – 6:00 PM', 'Thursday: 8:00 AM – 6:00 PM', 'Friday: 8:00 AM – 6:00 PM', 'Saturday: Closed', 'Sunday: Closed']",2.1
128,St Therese Family Dental Care,"1801 Tucker St, Selma, CA 93662, USA",+1 559-896-1254,,"['Monday: 10:00 AM – 5:00 PM', 'Tuesday: 10:00 AM – 5:00 PM', 'Wednesday: 10:00 AM – 5:00 PM', 'Thursday: 10:00 AM – 5:00 PM', 'Friday: 10:00 AM – 5:00 PM', 'Saturday: Closed', 'Sunday: Closed']",3.1
129,Karam U DDS,"1191 E El Monte Way, Dinuba, CA 93618, USA",+1 559-591-4135,http://www.karamumdds.com/contact-us.html,None,3.2
130,Powell Pediatric Dentistry,"500 S. Chinowth Rd Suite 201, Visalia, CA 93277, USA",+1 559-624-1177,https://www.powellpediatricdentistry.com/visalia/,"['Monday: 8:00 AM – 5:00 PM', 'Tuesday: 8:00 AM – 5:00 PM', 'Wednesday: 8:00 AM – 5:00 PM', 'Thursday: 8:00 AM – 5:00 PM', 'Friday: 8:00 AM – 5:00 PM', 'Saturday: Closed', 'Sunday: Closed']",4.9
131,Loma Linda University School of Dentistry,"11092 Anderson St, Loma Linda, CA 92350, USA",+1 909-558-4222,http://dentistry.llu.edu/,"['Monday: 8:00 AM – 5:00 PM', 'Tuesday: 8:00 AM – 5:00 PM', 'Wednesday: 8:00 AM – 5:00 PM', 'Thursday: 8:00 AM – 5:00 PM', 'Friday: 8:00 AM – 3:00 PM', 'Saturday: Closed', 'Sunday: Closed']",3.5
132,Havens Orthodontics Inc,"3400 McCall Ave # 118, Selma, CA 93662, USA",+1 559-896-1795,http://www.havensortho.com/,"['Monday: 8:00 AM – 5:00 PM', 'Tuesday: 8:00 AM – 5:00 PM', 'Wednesday: 8:00 AM – 5:00 PM', 'Thursday: 8:00 AM – 5:00 PM', 'Friday: 8:00 AM – 5:00 PM', 'Saturday: Closed', 'Sunday: Closed']",5.0
133,Fresno St Children's Dentistry and Orthodontics,"6245 N Fresno St #103, Fresno, CA 93710, USA",+1 559-554-9999,https://www.vcdo.net/,"['Monday: 8:00 AM – 5:00 PM', 'Tuesday: 8:00 AM – 5:00 PM', 'Wednesday: 8:00 AM – 5:00 PM', 'Thursday: 8:00 AM – 5:00 PM', 'Friday: 8:00 AM – 5:00 PM', 'Saturday: Closed', 'Sunday: Closed']",3.8
134,Pries Dental Care | Innovating Dental Care for West San Jose,"4110 Moorpark Ave suite c, San Jose, CA 95117, USA",+1 408-260-0200,http://www.priesdental.com/,"['Monday: 8:00 AM – 5:00 PM', 'Tuesday: 9:00 AM – 6:00 PM', 'Wednesday: 8:00 AM – 5:00 PM', 'Thursday: 7:00 AM – 4:00 PM', 'Friday: 8:00 AM – 1:00 PM', 'Saturday: 8:00 AM – 12:00 PM', 'Sunday: Closed']",4.8
135,"Patrick Mazzei, D.D.S.","6335 N Fresno St #104, Fresno, CA 93710, USA",+1 559-432-6474,http://patrickmazzeidds.com/,"['Monday: 8:00 AM – 5:00 PM', 'Tuesday: 8:00 AM – 4:00 PM', 'Wednesday: 8:00 AM – 5:00 PM', 'Thursday: 7:00 AM – 4:00 PM', 'Friday: Closed', 'Saturday: Closed', 'Sunday: Closed']",4.7
136,Powell Pediatric Dentistry,"7761 N Ingram Ave #101, Fresno, CA 93711, USA",+1 559-431-9701,https://www.powellpediatricdentistry.com/central-and-west-fresno/,"['Monday: 8:00 AM – 5:00 PM', 'Tuesday: 8:00 AM – 5:00 PM', 'Wednesday: 8:00 AM – 5:00 PM', 'Thursday: 8:00 AM – 5:00 PM', 'Friday: Closed', 'Saturday: Closed', 'Sunday: Closed']",5.0
137,"Lindsey Feaster Scott, D.D.S.","125 E Barstow Ave, Fresno, CA 93710, USA",+1 559-222-5331,http://www.thefresnodentists.com/meet-us/dr-lindsey-scott/,None,
138,Medical Dental,"2355 Pacific Ave, Long Beach, CA 90806, USA",,https://www.dhcs.ca.gov/services/pages/medicaldental.aspx,None,5.0
139,Northern California Dental - Lee Daniel Dr,"455 O'Connor Dr Suite #320, San Jose, CA 95128, USA",+1 408-971-9600,http://www.northerncaldental.com/,"['Monday: 9:00 AM – 5:30 PM', 'Tuesday: 9:00 AM – 5:30 PM', 'Wednesday: 9:00 AM – 5:30 PM', 'Thursday: 9:00 AM – 5:30 PM', 'Friday: 9:00 AM – 2:30 PM', 'Saturday: Closed', 'Sunday: Closed']",3.7
140,"Southern California General & Cosmetic Dentistry: Ryan Fait, DDS","2700 N Bellflower Blvd #206, Long Beach, CA 90815, USA",+1 562-294-6593,http://www.scteeth.com/?utm_source=gmb_auth,"['Monday: Closed', 'Tuesday: 8:00 AM – 5:00 PM', 'Wednesday: 9:00 AM – 7:00 PM', 'Thursday: 9:00 AM – 7:00 PM', 'Friday: 7:00 AM – 4:00 PM', 'Saturday: 9:00 AM – 3:00 PM', 'Sunday: Closed']",5.0
141,"Snoring, Sleep Apnea & Oral Appliance Dentist - Dr.Kary Karahadian","7489 N First St #101, Fresno, CA 93720, USA",+1 559-449-7667,,"['Monday: 8:00 AM – 4:00 PM', 'Tuesday: 8:00 AM – 4:00 PM', 'Wednesday: 8:00 AM – 4:00 PM', 'Thursday: 8:00 AM – 4:00 PM', 'Friday: Closed', 'Saturday: Closed', 'Sunday: Closed']",5.0
142,Perfect Smiles California,"885 Canarios Ct #210, Chula Vista, CA 91910, USA",+1 619-349-1212,https://www.perfectsmilescalifornia.com/?utm_source=google&utm_medium=local&utm_campaign=gmb,"['Monday: 8:00 AM – 5:00 PM', 'Tuesday: 7:00 AM – 4:00 PM', 'Wednesday: 8:00 AM – 5:00 PM', 'Thursday: 7:00 AM – 4:00 PM', 'Friday: 8:00 AM – 2:00 PM', 'Saturday: Closed', 'Sunday: Closed']",5.0
143,Western Dental Center: He Yi DDS,"1230 S Mooney Blvd, Visalia, CA 93277, USA",+1 559-636-2121,https://www.westerndental.com/en-US/dentists/california/visalia/1230-s-mooney-blvd/,"['Monday: 9:00 AM – 7:00 PM', 'Tuesday: 9:00 AM – 7:00 PM', 'Wednesday: 9:00 AM – 7:00 PM', 'Thursday: 9:00 AM – 7:00 PM', 'Friday: 9:00 AM – 7:00 PM', 'Saturday: 8:00 AM – 4:30 PM', 'Sunday: Closed']",
144,Smileland Dental,"1705 S Mooney Blvd, Visalia, CA 93277, USA",+1 559-734-1111,http://www.smilelanddental.com/,"['Monday: 9:00 AM – 6:00 PM', 'Tuesday: 9:00 AM – 6:00 PM', 'Wednesday: 9:00 AM – 6:00 PM', 'Thursday: 9:00 AM – 6:00 PM', 'Friday: 9:00 AM – 6:00 PM', 'Saturday: Closed', 'Sunday: Closed']",4.6
145,Dr. Barnes Dental Associates,"2626 S Mooney Blvd, Visalia, CA 93277, USA",+1 559-733-1250,http://www.barnesdental.net/,None,2.9
146,Ready 2 Smile Dental Group,"40140 Winchester Rd ste a, Temecula, CA 92591, USA",+1 951-327-2112,https://www.ready2smile.com/?utm_source=GMB&utm_medium=organic&utm_campaign=DevOptimization&utm_content=Website,"['Monday: 9:00 AM – 6:00 PM', 'Tuesday: 9:00 AM – 6:00 PM', 'Wednesday: 9:00 AM – 6:00 PM', 'Thursday: 12:00 – 8:00 PM', 'Friday: 9:00 AM – 4:00 PM', 'Saturday: Closed', 'Sunday: Closed']",4.9
147,Aspen Dental,"3900 Sisk Rd Suite O, Modesto, CA 95356, USA",+1 209-857-3910,"https://www.aspendental.com/dentist/ca/modesto/3900-sisk-road-suite-o?utm_source=googleplaces&utm_medium=lociqgoogleplaces&utm_campaign=Modesto,CA||Modesto_CA||4062||4062&utm_content=listing","['Monday: 8:00 AM – 5:00 PM', 'Tuesday: 8:00 AM – 5:00 PM', 'Wednesday: 8:00 AM – 5:00 PM', 'Thursday: 10:00 AM – 7:00 PM', 'Friday: 8:00 AM – 1:00 PM', 'Saturday: Closed', 'Sunday: Closed']",4.8
148,Larsen Gary a DDS,"1512 Shaw Ave, Clovis, CA 93611, USA",+1 800-705-6929,http://nontoxicdentist.com/,"['Monday: 8:00 AM – 5:00 PM', 'Tuesday: 8:00 AM – 5:00 PM', 'Wednesday: 8:00 AM – 5:00 PM', 'Thursday: 8:00 AM – 5:00 PM', 'Friday: 1:00 – 3:00 AM, 8:00 AM – 12:00 PM', 'Saturday: Closed', 'Sunday: Closed']",4.7
149,Pacific Dental Clinic,"1665 W Shaw Ave Ste 103, Fresno, CA 93711, USA",+1 559-492-2486,https://pacificdentalclinics.com/,"['Monday: 9:00 AM – 5:00 PM', 'Tuesday: 9:00 AM – 5:00 PM', 'Wednesday: 9:00 AM – 5:00 PM', 'Thursday: 9:00 AM – 5:00 PM', 'Friday: 9:00 AM – 5:00 PM', 'Saturday: Closed', 'Sunday: Closed']",5.0
150,Aspen Dental,"1315 Shaw Ave Suite 102, Clovis, CA 93612, USA",+1 559-321-0886,"https://www.aspendental.com/dentist/ca/clovis/1315-shaw-ave-suite-102?utm_source=googleplaces&utm_medium=lociqgoogleplaces&utm_campaign=Clovis,CA||Clovis_CA||4050||4050&utm_content=listing","['Monday: 8:30 AM – 5:00 PM', 'Tuesday: 8:30 AM – 5:00 PM', 'Wednesday: 8:30 AM – 5:00 PM', 'Thursday: 10:30 AM – 7:00 PM', 'Friday: 8:30 AM – 3:00 PM', 'Saturday: Closed', 'Sunday: Closed']",4.8
151,"Jack Ringer DDS, General & Cosmetic Dentistry","5765 E Santa Ana Canyon Rd ste a, Anaheim, CA 92807, USA",+1 714-974-0313,https://www.dentalcosmetics.com/,"['Monday: Closed', 'Tuesday: 8:00 AM – 5:00 PM', 'Wednesday: 8:00 AM – 5:00 PM', 'Thursday: 8:00 AM – 5:00 PM', 'Friday: 8:00 AM – 5:00 PM', 'Saturday: Closed', 'Sunday: Closed']",4.9
152,Smileland Dental Tulare Children's Dentistry,"1407 Hillman St, Tulare, CA 93274, USA",+1 559-687-1111,http://www.smilelanddental.com/,"['Monday: 9:00 AM – 6:00 PM', 'Tuesday: 9:00 AM – 6:00 PM', 'Wednesday: 9:00 AM – 6:00 PM', 'Thursday: 9:00 AM – 6:00 PM', 'Friday: 9:00 AM – 6:00 PM', 'Saturday: Closed', 'Sunday: Closed']",3.7
153,"TLC Dental Care: Tamara L. Clauson, DDS","1101 W Tokay St #1, Lodi, CA 95240, USA",+1 209-334-2821,http://www.lodi-dentistry.com/,"['Monday: 8:00 AM – 5:00 PM', 'Tuesday: 7:00 AM – 5:00 PM', 'Wednesday: 8:00 AM – 5:00 PM', 'Thursday: 7:00 AM – 5:00 PM', 'Friday: 8:00 AM – 5:00 PM', 'Saturday: Closed', 'Sunday: Closed']",4.6
154,Adventist Health Medical Office - Sanger,"1939 Academy Ave, Sanger, CA 93657, USA",+1 559-875-6900,http://www.sangercare.com/,"['Monday: 8:00 AM – 6:00 PM', 'Tuesday: 8:00 AM – 6:00 PM', 'Wednesday: 8:00 AM – 6:00 PM', 'Thursday: 8:00 AM – 6:00 PM', 'Friday: 8:00 AM – 6:00 PM', 'Saturday: Closed', 'Sunday: Closed']",3.0
155,Ebrahimian Integrative Dentistry,"5 Erba Ln #A, Scotts Valley, CA 95066, USA",+1 831-438-4411,http://www.functionalsmiles.com/,"['Monday: 8:30 AM – 5:00 PM', 'Tuesday: 8:30 AM – 5:00 PM', 'Wednesday: 8:30 AM – 5:00 PM', 'Thursday: 8:30 AM – 5:00 PM', 'Friday: Closed', 'Saturday: Closed', 'Sunday: Closed']",4.9
156,"Air Dental Family, Emergency, Burbank Implants","401 S Glenoaks Blvd #100, Burbank, CA 91502, USA",+1 818-566-4438,https://www.airdentalburbank.com/,"['Monday: 10:00 AM – 5:30 PM', 'Tuesday: 9:00 AM – 5:30 PM', 'Wednesday: Closed', 'Thursday: 9:00 AM – 5:30 PM', 'Friday: Closed', 'Saturday: 9:00 AM – 2:00 PM', 'Sunday: Closed']",5.0
157,Soares Mark DDS,"756 G St, Reedley, CA 93654, USA",+1 559-638-3113,,None,
158,California Dental Specialty: Teramura Matt DDS,"500 E Remington Dr # 19, Sunnyvale, CA 94087, USA",+1 408-749-9888,http://www.dentalspecialty.com/,None,
159,Medicare Advisors Fullerton,"1023 E Chapman Ave ste b, Fullerton, CA 92831, USA",+1 409-245-5554,https://www.denti-cal.ca.gov/,None,
160,Primary Dental Care,"12462 Brookhurst St #2, Garden Grove, CA 92840, USA",+1 714-537-5700,http://www.gardengrovedentalarts.com/en/index.php,None,
161,RB Family & Cosmetic Dentistry,"16776 Bernardo Center Dr # 105, San Diego, CA 92128, USA",+1 858-485-0044,http://www.rbdentist.com/,"['Monday: 8:00 AM – 5:00 PM', 'Tuesday: 8:00 AM – 5:00 PM', 'Wednesday: 8:00 AM – 5:00 PM', 'Thursday: 8:00 AM – 5:00 PM', 'Friday: 8:00 AM – 5:00 PM', 'Saturday: Closed', 'Sunday: Closed']",4.8
162,"Treva Diane Lee, DDS, MAGD FICOI","2630 N Fresno St #101, Fresno, CA 93703, USA",+1 559-226-3010,http://www.trevaleedds.com/,"['Monday: 1:00 – 5:00 PM', 'Tuesday: 9:00 AM – 5:00 PM', 'Wednesday: 8:30 AM – 4:30 PM', 'Thursday: 9:00 AM – 2:00 PM', 'Friday: 9:00 AM – 4:00 PM', 'Saturday: Closed', 'Sunday: Closed']",4.7
163,La Jolla Dental,"8950 Villa La Jolla Dr suite c-210, La Jolla, CA 92037, USA",+1 858-935-8589,https://www.lajolladental.org/,"['Monday: 8:30 AM – 5:00 PM', 'Tuesday: 8:30 AM – 5:00 PM', 'Wednesday: 8:30 AM – 5:00 PM', 'Thursday: 8:30 AM – 5:00 PM', 'Friday: 8:30 AM – 5:00 PM', 'Saturday: 8:00 AM – 2:00 PM', 'Sunday: Closed']",4.0
164,Center for Implant Dentistry,"3381 Walnut Ave, Fremont, CA 94538, USA",+1 510-570-1065,http://www.bayareaimplantdentistry.com/?utm_source=Google%20Maps&utm_medium=Organic,"['Monday: 9:00 AM – 7:00 PM', 'Tuesday: 9:00 AM – 7:00 PM', 'Wednesday: 9:00 AM – 7:00 PM', 'Thursday: 9:00 AM – 7:00 PM', 'Friday: 9:00 AM – 7:00 PM', 'Saturday: Closed', 'Sunday: Closed']",4.7
165,"Orange Hill Dental Group, Joseph Sabet DDS","3138 E Chapman Ave Suite A, Orange, CA 92869, USA",+1 714-639-2703,https://www.orangehilldental.com/,"['Monday: 9:00 AM – 6:00 PM', 'Tuesday: 9:00 AM – 6:00 PM', 'Wednesday: 9:00 AM – 6:00 PM', 'Thursday: 9:00 AM – 6:00 PM', 'Friday: 9:00 AM – 6:00 PM', 'Saturday: 9:00 AM – 6:00 PM', 'Sunday: 9:00 AM – 6:00 PM']",4.1
166,"Park West Dental Group- Quan Ma DMD,Thomas Bierman DDS, Stephen Tornay DDS","315 Walnut Ave, San Diego, CA 92103, USA",+1 619-297-2954,http://parkwestdentalsd.com/,"['Monday: 7:30 AM – 4:30 PM', 'Tuesday: 7:30 AM – 4:30 PM', 'Wednesday: 7:30 AM – 4:30 PM', 'Thursday: 8:00 AM – 5:00 PM', 'Friday: 7:30 AM – 4:30 PM', 'Saturday: Closed', 'Sunday: Closed']",4.9
167,"Shawn P. Rusk, DDS","3410 McCall Ave #104, Selma, CA 93662, USA",+1 559-896-2445,http://www.ruskdds.com/,"['Monday: 7:30 AM – 4:30 PM', 'Tuesday: 7:30 AM – 4:30 PM', 'Wednesday: 7:30 AM – 4:30 PM', 'Thursday: 7:30 AM – 4:30 PM', 'Friday: Closed', 'Saturday: Closed', 'Sunday: Closed']",5.0
168,Miller Savant Dental | Sunnyvale Dentist,"877 W Fremont Ave ste C1, Sunnyvale, CA 94087, USA",+1 408-245-8030,http://www.millersavantdental.com/,"['Monday: 8:00 AM – 4:30 PM', 'Tuesday: 8:00 AM – 4:30 PM', 'Wednesday: 8:00 AM – 4:30 PM', 'Thursday: 8:00 AM – 4:30 PM', 'Friday: 8:00 AM – 4:30 PM', 'Saturday: Closed', 'Sunday: Closed']",4.8
169,Wilshire Smile Studio,"6200 Wilshire Blvd #1609, Los Angeles, CA 90048, USA",+1 323-336-8478,http://ladentist.com/,"['Monday: 8:00 AM – 6:00 PM', 'Tuesday: 8:00 AM – 6:00 PM', 'Wednesday: 8:00 AM – 6:00 PM', 'Thursday: 8:00 AM – 6:00 PM', 'Friday: 8:00 AM – 6:00 PM', 'Saturday: Closed', 'Sunday: Closed']",4.7
170,First Family Dental,"6115 N First St #102, Fresno, CA 93710, USA",+1 559-387-5155,https://www.ffdfresno.com/,"['Monday: 8:00 AM – 5:00 PM', 'Tuesday: 8:00 AM – 5:00 PM', 'Wednesday: 8:00 AM – 5:00 PM', 'Thursday: 8:00 AM – 5:00 PM', 'Friday: Closed', 'Saturday: Closed', 'Sunday: Closed']",4.9
171,"Comprehensive, Cosmetic & Implant Dentistry: Adriana Barrera, DDS","23451 Madison St Suite 350, Torrance, CA 90505, USA",+1 310-241-3890,https://www.drabarrera.com/?utm_source=gmb_auth,"['Monday: 8:00 AM – 5:00 PM', 'Tuesday: 8:00 AM – 5:00 PM', 'Wednesday: 8:00 AM – 5:00 PM', 'Thursday: 8:00 AM – 5:00 PM', 'Friday: 8:00 AM – 4:00 PM', 'Saturday: Closed', 'Sunday: Closed']",5.0
172,Vineyard Dental Group,"90-A Doctors Park Dr, Santa Rosa, CA 95405, USA",+1 707-505-9850,http://www.vineyarddentalgroup.com/,"['Monday: 8:00 AM – 5:00 PM', 'Tuesday: 9:00 AM – 6:00 PM', 'Wednesday: 9:00 AM – 6:00 PM', 'Thursday: 8:00 AM – 5:00 PM', 'Friday: 7:00 AM – 3:00 PM', 'Saturday: Closed', 'Sunday: Closed']",4.6
173,Center Point Dental Group,"6544 El Cajon Blvd, San Diego, CA 92115, USA",+1 619-582-7722,https://centerpointdentalgroup.com/,"['Monday: 9:00 AM – 6:00 PM', 'Tuesday: 8:00 AM – 5:00 PM', 'Wednesday: 8:00 AM – 5:00 PM', 'Thursday: 8:00 AM – 5:00 PM', 'Friday: 7:00 AM – 4:00 PM', 'Saturday: 7:30 AM – 1:00 PM', 'Sunday: Closed']",4.7
174,"Westlake Village Dental Health: Mike Choi, DDS","699 Hampshire Rd #209, Westlake Village, CA 91361, USA",+1 805-494-4887,http://www.wlvdentalhealth.com/,"['Monday: 9:00 AM – 5:00 PM', 'Tuesday: 9:00 AM – 5:00 PM', 'Wednesday: 9:00 AM – 5:00 PM', 'Thursday: 9:00 AM – 5:00 PM', 'Friday: Closed', 'Saturday: Closed', 'Sunday: Closed']",4.9
175,ADVANCED FAMILY DENTISTRY,"4420 N First St SUITE 113, Fresno, CA 93726, USA",+1 559-224-9800,https://advanced-family-dentistry-general-practitioner.business.site/?utm_source=gmb&utm_medium=referral,"['Monday: 9:00 AM – 4:30 PM', 'Tuesday: 9:00 AM – 4:30 PM', 'Wednesday: 9:00 AM – 4:30 PM', 'Thursday: 9:00 AM – 4:30 PM', 'Friday: Closed', 'Saturday: Closed', 'Sunday: Closed']",5.0
176,Kawano Family Dental,"180 W Bullard Ave #101, Clovis, CA 93612, USA",+1 559-299-9518,http://www.kawanofamilydental.com/,"['Monday: 8:30 AM – 5:00 PM', 'Tuesday: 8:30 AM – 5:00 PM', 'Wednesday: 8:30 AM – 5:00 PM', 'Thursday: 8:30 AM – 5:00 PM', 'Friday: 8:30 AM – 2:00 PM', 'Saturday: Closed', 'Sunday: Closed']",5.0
177,Remolina Dental Inc,"25209 Narbonne Ave, Lomita, CA 90717, USA",+1 310-539-4166,http://remolinadental.com/,"['Monday: 9:00 AM – 6:00 PM', 'Tuesday: 8:00 AM – 5:00 PM', 'Wednesday: 9:00 AM – 6:00 PM', 'Thursday: 8:00 AM – 5:00 PM', 'Friday: 8:00 AM – 5:00 PM', 'Saturday: Closed', 'Sunday: Closed']",4.8
178,"Oral Care Dentistry: Parnaz Aurasteh, DDS","9454 Wilshire Blvd #315, Beverly Hills, CA 90212, USA",+1 310-974-6779,https://www.oralcaredentistry.com/,"['Monday: 8:30 AM – 6:00 PM', 'Tuesday: 10:00 AM – 6:00 PM', 'Wednesday: 7:00 AM – 3:00 PM', 'Thursday: 7:30 AM – 5:00 PM', 'Friday: 10:00 AM – 2:00 PM', 'Saturday: Closed', 'Sunday: Closed']",4.8
179,Aaronian Rick S DDS,"1111 E Herndon Ave # 104, Fresno, CA 93720, USA",+1 559-447-0707,https://draaronian.com/,"['Monday: 7:00 AM – 5:00 PM', 'Tuesday: 7:00 AM – 5:00 PM', 'Wednesday: 7:00 AM – 5:00 PM', 'Thursday: 7:00 AM – 5:00 PM', 'Friday: Closed', 'Saturday: Closed', 'Sunday: Closed']",3.0
180,Dentists of South Pasadena,"813 Fair Oaks Ave, South Pasadena, CA 91030, USA",+1 626-593-0053,https://www.dentistsofsouthpasadena.com/?sc_cid=google:o:gmb,"['Monday: 8:30 AM – 5:30 PM', 'Tuesday: 8:00 AM – 6:30 PM', 'Wednesday: 8:00 AM – 7:00 PM', 'Thursday: 7:30 AM – 5:30 PM', 'Friday: 7:00 AM – 3:00 PM', 'Saturday: Closed', 'Sunday: Closed']",4.5
181,Insight Dentistry,"5500 Telegraph Rd #151, Ventura, CA 93003, USA",+1 805-222-6599,https://www.insightdent.com/?utm_source=gmb_auth,"['Monday: 9:00 AM – 7:00 PM', 'Tuesday: 8:30 AM – 5:00 PM', 'Wednesday: 8:30 AM – 5:00 PM', 'Thursday: 8:30 AM – 5:00 PM', 'Friday: 8:00 AM – 4:00 PM', 'Saturday: Closed', 'Sunday: Closed']",5.0
182,Unique Orthodontics,"1616 W Shaw Ave Ste A6, Fresno, CA 93711, USA",+1 559-222-2522,http://uniqueortho.com/,"['Monday: 9:00 AM – 6:00 PM', 'Tuesday: 9:00 AM – 6:00 PM', 'Wednesday: 9:00 AM – 6:00 PM', 'Thursday: 9:00 AM – 6:00 PM', 'Friday: 9:00 AM – 6:00 PM', 'Saturday: 9:00 AM – 3:00 PM', 'Sunday: Closed']",4.7
183,"El Dorado Hills Cosmetic, Implant & Family Dentistry","993 Governor Dr Suite 104, El Dorado Hills, CA 95762, USA",+1 916-941-1515,https://www.drjonahtabrizi.com/,"['Monday: 8:00 AM – 5:00 PM', 'Tuesday: 8:00 AM – 5:00 PM', 'Wednesday: 8:00 AM – 5:00 PM', 'Thursday: 8:00 AM – 5:00 PM', 'Friday: Closed', 'Saturday: Closed', 'Sunday: Closed']",4.6
184,Gill Family Dentistry - Affordable Dental Implants Treatment,"1518 Coffee Rd, Modesto, CA 95355, USA",+1 209-549-1721,https://www.gillfamilydentistry.com/?utm_source=googlemaps&utm_medium=organic,"['Monday: 8:00 AM – 6:00 PM', 'Tuesday: 8:00 AM – 6:00 PM', 'Wednesday: 9:00 AM – 7:00 PM', 'Thursday: 8:00 AM – 6:00 PM', 'Friday: 8:00 AM – 5:00 PM', 'Saturday: 9:00 AM – 2:00 PM', 'Sunday: Closed']",4.7
185,Gale Ranch Family Dental,"11040 Bollinger Canyon Rd, Suites I, San Ramon, CA 94582, USA",+1 925-648-8881,http://www.galeranchfamilydental.com/adult-dentistry/,"['Monday: 9:00 AM – 6:00 PM', 'Tuesday: 9:00 AM – 6:00 PM', 'Wednesday: 9:00 AM – 6:00 PM', 'Thursday: 9:00 AM – 6:00 PM', 'Friday: 8:00 AM – 5:00 PM', 'Saturday: Closed', 'Sunday: Closed']",4.8
186,Fresno Dental Professionals,"8405 N Fresno St Suite #110, Fresno, CA 93720, USA",+1 559-431-1400,http://smilefresno.com/,"['Monday: 7:00 AM – 6:00 PM', 'Tuesday: 7:00 AM – 6:00 PM', 'Wednesday: 7:00 AM – 6:00 PM', 'Thursday: 7:00 AM – 6:00 PM', 'Friday: 7:00 AM – 5:00 PM', 'Saturday: 8:00 AM – 2:00 PM', 'Sunday: Closed']",5.0
187,AZ Dental - Monterey,"2195 Monterey Rd Suite 30, San Jose, CA 95125, USA",+1 408-295-1100,https://www.myazdentalmontereyhwy.com/,"['Monday: Closed', 'Tuesday: 10:00 AM – 7:00 PM', 'Wednesday: 10:00 AM – 7:00 PM', 'Thursday: 10:00 AM – 7:00 PM', 'Friday: 9:00 AM – 5:00 PM', 'Saturday: 9:00 AM – 5:00 PM', 'Sunday: Closed']",4.6
188,"Dr. Hamid R. Nasr, DDS","1625 Creekside Dr #100, Folsom, CA 95630, USA",+1 916-983-8777,http://www.creeksidedentistry.com/,"['Monday: 8:30 AM – 5:30 PM', 'Tuesday: 8:30 AM – 5:30 PM', 'Wednesday: 8:30 AM – 12:30 PM', 'Thursday: 8:30 AM – 5:30 PM', 'Friday: Closed', 'Saturday: Closed', 'Sunday: Closed']",4.2
189,Mann H S DDS,"1518 Draper St, Kingsburg, CA 93631, USA",+1 559-897-4111,http://www.drmanndentist.com/,"['Monday: 9:00 AM – 5:00 PM', 'Tuesday: 9:00 AM – 5:00 PM', 'Wednesday: 9:00 AM – 5:00 PM', 'Thursday: 9:00 AM – 5:00 PM', 'Friday: 9:00 AM – 2:00 PM', 'Saturday: Closed', 'Sunday: Closed']",3.4
190,"All Kids Dentistry, Laura Greenwald DDS","25900 McBean Pkwy, Valencia, CA 91355, USA",+1 661-349-8636,http://allkidsdentistryscv.com/,"['Monday: 8:00 AM – 5:00 PM', 'Tuesday: 8:00 AM – 5:00 PM', 'Wednesday: Closed', 'Thursday: 8:00 AM – 5:00 PM', 'Friday: 8:00 AM – 5:00 PM', 'Saturday: Closed', 'Sunday: Closed']",4.7
191,"PhD Dental Los Angeles Kids, Implants & Orthodontics","3000 Whittier Blvd, Los Angeles, CA 90023, USA",+1 323-269-5437,https://www.phddental.com/?utm_source=organic&utm_medium=local&utm_campaign=gmbla,"['Monday: 10:30 AM – 7:30 PM', 'Tuesday: 10:30 AM – 7:30 PM', 'Wednesday: 10:30 AM – 7:30 PM', 'Thursday: 10:30 AM – 7:30 PM', 'Friday: 9:00 AM – 6:00 PM', 'Saturday: 9:00 AM – 3:00 PM', 'Sunday: Closed']",4.9
192,Signature Smiles Clovis,"255 W Bullard Ave # 106, Clovis, CA 93612, USA",+1 559-298-3384,http://www.signaturesmilesclovis.com/,"['Monday: 8:30 AM – 5:00 PM', 'Tuesday: 8:30 AM – 5:00 PM', 'Wednesday: 8:30 AM – 5:00 PM', 'Thursday: 8:30 AM – 5:00 PM', 'Friday: Closed', 'Saturday: Closed', 'Sunday: Closed']",4.5
193,"Jeffrey C. Elliott, DDS","301 College Ave, Santa Rosa, CA 95401, USA",+1 707-546-0429,http://www.santarosadentalcare.com/,"['Monday: 8:00 AM – 6:00 PM', 'Tuesday: 8:00 AM – 6:00 PM', 'Wednesday: 8:00 AM – 6:00 PM', 'Thursday: 8:00 AM – 5:00 PM', 'Friday: 8:00 AM – 5:00 PM', 'Saturday: Closed', 'Sunday: Closed']",3.0
194,Creekside Dentistry,"1625 Creekside Dr #100, Folsom, CA 95630, USA",+1 916-983-8777,http://creeksidedentistry.com/,"['Monday: 8:30 AM – 5:30 PM', 'Tuesday: 8:30 AM – 5:30 PM', 'Wednesday: 8:30 AM – 5:30 PM', 'Thursday: 8:30 AM – 5:30 PM', 'Friday: Closed', 'Saturday: Closed', 'Sunday: Closed']",4.8
195,Capitol Square Dental Care,"2727 McKee Rd, San Jose, CA 95127, USA",+1 408-259-5545,http://www.sanjosesmilearts.com/,None,
196,Victorian Dental Group,"19717 Sherman Way, Canoga Park, CA 91306, USA",+1 818-709-0090,http://www.victoriandentalgroup.com/,"['Monday: 9:00 AM – 6:00 PM', 'Tuesday: 9:00 AM – 6:00 PM', 'Wednesday: 9:00 AM – 6:00 PM', 'Thursday: 9:00 AM – 6:00 PM', 'Friday: 9:00 AM – 6:00 PM', 'Saturday: 9:00 AM – 1:00 PM', 'Sunday: Closed']",4.3
197,California Dental Society of Anesthesiology,"8236 Garibaldi Ave, San Gabriel, CA 91775, USA",+1 626-287-1185,http://www.cdsahome.org/,None,
198,Ala Din DDS,"905 Middlefield Rd Ste. B, Palo Alto, CA 94301, USA",+1 650-325-2551,https://aladindds.com/,"['Monday: 8:00 AM – 5:00 PM', 'Tuesday: 8:00 AM – 5:00 PM', 'Wednesday: 8:00 AM – 5:00 PM', 'Thursday: 8:00 AM – 5:00 PM', 'Friday: 8:00 AM – 5:00 PM', 'Saturday: Closed', 'Sunday: Closed']",5.0
199,Hurst Thomas L DDS,"4690 Genesee Ave # 2, San Diego, CA 92117, USA",+1 858-560-9696,,None,
200,New Dental Images,"9275 E Stockton Blvd #200, Elk Grove, CA 95624, USA",+1 916-688-1990,https://www.newdentalimages.com/,"['Monday: 8:00 AM – 5:00 PM', 'Tuesday: 9:00 AM – 6:00 PM', 'Wednesday: 9:00 AM – 6:00 PM', 'Thursday: 9:00 AM – 6:00 PM', 'Friday: 8:00 AM – 5:00 PM', 'Saturday: 8:00 AM – 2:00 PM', 'Sunday: Closed']",4.9
201,"Pankaj R. Narkhede, DDS, MDS, Honored Fellow AAID","24602 Raymond Way Suite L, Lake Forest, CA 92630, USA",+1 949-391-4846,https://www.dentistlakeforestca.com/?utm_source=google&utm_medium=local&utm_campaign=gmb,"['Monday: 8:30 AM – 5:00 PM', 'Tuesday: 8:30 AM – 5:00 PM', 'Wednesday: 8:30 AM – 5:00 PM', 'Thursday: 8:30 AM – 5:00 PM', 'Friday: 8:30 AM – 5:00 PM', 'Saturday: Closed', 'Sunday: Closed']",5.0
202,"Dr. Hibret Hailu Benjamin, D.D.S. - Marina Tooth Fairy Dental","2001 Union St #590, San Francisco, CA 94123, USA",+1 415-409-3368,http://marinatoothfairy.com/,"['Monday: 8:00 AM – 7:00 PM', 'Tuesday: 7:00 AM – 4:00 PM', 'Wednesday: 8:00 AM – 7:00 PM', 'Thursday: 10:00 AM – 7:00 PM', 'Friday: 7:00 AM – 4:00 PM', 'Saturday: 8:00 AM – 2:00 PM', 'Sunday: Closed']",5.0
203,"Steven C. Kindy, DDS","1321 W Center Ave, Visalia, CA 93291, USA",+1 559-732-5386,https://www.stevenckindydds.com/,"['Monday: 8:00 AM – 5:00 PM', 'Tuesday: 8:00 AM – 5:00 PM', 'Wednesday: 8:00 AM – 5:00 PM', 'Thursday: 7:00 AM – 3:30 PM', 'Friday: Closed', 'Saturday: Closed', 'Sunday: Closed']",4.8
204,Santa Cruz Dental Group: Robinson Richard N DDS,"1017 Mission St, Santa Cruz, CA 95060, USA",+1 831-426-3535,http://www.santacruzdentalgroup.com/,"['Monday: 8:00 AM – 5:00 PM', 'Tuesday: 8:00 AM – 5:00 PM', 'Wednesday: 8:00 AM – 5:00 PM', 'Thursday: 8:00 AM – 5:00 PM', 'Friday: 8:00 AM – 5:00 PM', 'Saturday: Closed', 'Sunday: Closed']",5.0
205,Dinuba Orthodontics,"355 Monte Vista Dr #D, Dinuba, CA 93618, USA",+1 559-596-0300,http://www.dinubabraces.com/,"['Monday: 8:30 AM – 5:30 PM', 'Tuesday: 8:30 AM – 5:30 PM', 'Wednesday: 8:30 AM – 5:30 PM', 'Thursday: 8:30 AM – 5:30 PM', 'Friday: 8:30 AM – 5:30 PM', 'Saturday: 8:30 AM – 5:30 PM', 'Sunday: Closed']",4.0
206,Quadalupe Dental Center,"180 E El Monte Way # 102, Dinuba, CA 93618, USA",+1 559-591-7188,,None,5.0
207,"PhD Dental Inglewood - Adults, Kids, Implants & Orthodontics","11344 Crenshaw Blvd unit a, Inglewood, CA 90303, USA",+1 323-777-7420,https://www.phddental.com/?utm_source=organic&utm_medium=local&utm_campaign=gmbinglewood,"['Monday: 10:30 AM – 7:30 PM', 'Tuesday: 10:30 AM – 7:30 PM', 'Wednesday: 10:30 AM – 7:30 PM', 'Thursday: 10:30 AM – 7:30 PM', 'Friday: 8:30 AM – 7:30 PM', 'Saturday: 9:00 AM – 3:00 PM', 'Sunday: Closed']",4.7
208,"Allure Dental Center: Trinh Ngoc Lee, DDS","570 N Shoreline Blvd, Mountain View, CA 94043, USA",+1 650-988-9998,http://www.alluredentalcenter.com/dr-trinh-lee,"['Monday: 10:00 AM – 7:00 PM', 'Tuesday: 9:00 AM – 6:00 PM', 'Wednesday: 9:00 AM – 6:00 PM', 'Thursday: 9:00 AM – 6:00 PM', 'Friday: 9:00 AM – 6:00 PM', 'Saturday: Closed', 'Sunday: Closed']",
209,Graton Dental Group,"1400 Medical Center Dr suite c, Rohnert Park, CA 94928, USA",+1 707-509-1145,https://www.gratondentalgroupca.com/?utm_source=GMB&utm_medium=organic&utm_campaign=DevOptimization&utm_content=Website,"['Monday: 9:00 AM – 5:30 PM', 'Tuesday: 9:00 AM – 5:30 PM', 'Wednesday: 9:00 AM – 5:30 PM', 'Thursday: 9:00 AM – 5:30 PM', 'Friday: 9:00 AM – 1:00 PM', 'Saturday: Closed', 'Sunday: Closed']",4.7
210,Bellflower Dental Group: Pike Robert DDS,"10318 Rosecrans Ave, Bellflower, CA 90706, USA",+1 562-925-3765,https://www.bellflowerdentalgroup.com/,"['Monday: Closed', 'Tuesday: 9:00 AM – 6:00 PM', 'Wednesday: 9:00 AM – 7:00 PM', 'Thursday: 12:00 – 8:00 PM', 'Friday: 9:00 AM – 6:00 PM', 'Saturday: 8:00 AM – 4:00 PM', 'Sunday: Closed']",
211,SoCal Smiles,"18399 Ventura Blvd #251, Tarzana, CA 91356, USA",+1 818-345-5286,https://www.socalsmiles.com/,"['Monday: 8:00 AM – 5:00 PM', 'Tuesday: 8:00 AM – 7:00 PM', 'Wednesday: 8:00 AM – 5:00 PM', 'Thursday: 8:00 AM – 5:00 PM', 'Friday: 7:00 AM – 5:00 PM', 'Saturday: Closed', 'Sunday: Closed']",4.9
212,"Tarzana Smiles - Garo Ourfalian, DDS","18455 Burbank Blvd #401k, Tarzana, CA 91356, USA",+1 818-343-0013,https://www.tarzanasmiles.com/,"['Monday: 8:00 AM – 7:00 PM', 'Tuesday: 8:00 AM – 7:00 PM', 'Wednesday: 8:00 AM – 7:00 PM', 'Thursday: 8:00 AM – 7:00 PM', 'Friday: 8:00 AM – 7:00 PM', 'Saturday: 8:00 AM – 7:00 PM', 'Sunday: Closed']",5.0
213,Clovis Gentle Dental Care,"3151 Willow Ave, Clovis, CA 93612, USA",+1 559-299-9556,,"['Monday: 8:00 AM – 5:00 PM', 'Tuesday: 8:00 AM – 5:00 PM', 'Wednesday: 8:00 AM – 5:00 PM', 'Thursday: 8:00 AM – 5:00 PM', 'Friday: Closed', 'Saturday: Closed', 'Sunday: Closed']",3.8
214,Reedley Family Dental,"929 Manning Ave, Reedley, CA 93654, USA",+1 559-637-9095,https://reedleyfamilydental.com/,"['Monday: 9:00 AM – 6:00 PM', 'Tuesday: 9:00 AM – 6:00 PM', 'Wednesday: 9:00 AM – 6:00 PM', 'Thursday: 9:00 AM – 6:00 PM', 'Friday: 9:00 AM – 6:00 PM', 'Saturday: Closed', 'Sunday: Closed']",4.6
215,Smile Visalia,"215 E Caldwell Ave B, Visalia, CA 93277, USA",+1 559-734-7035,http://smilevisalia.com/,"['Monday: 8:00 AM – 5:00 PM', 'Tuesday: 8:00 AM – 5:00 PM', 'Wednesday: 8:00 AM – 5:00 PM', 'Thursday: 8:00 AM – 5:00 PM', 'Friday: 8:00 AM – 12:00 PM', 'Saturday: Closed', 'Sunday: Closed']",3.7
216,Burrell Earl R DDS,"90 Doctors Park Dr, Santa Rosa, CA 95405, USA",+1 707-545-0944,http://www.vineyarddentalgroup.com/,None,
217,First Sierra Dental | Steven Wisener DDS,"6366 N First St, Fresno, CA 93710, USA",+1 559-449-1000,https://first-sierra-dental.business.site/,"['Monday: Closed', 'Tuesday: 8:00 AM – 5:00 PM', 'Wednesday: 8:00 AM – 5:00 PM', 'Thursday: 9:00 AM – 6:00 PM', 'Friday: Closed', 'Saturday: Closed', 'Sunday: Closed']",3.5
218,"Dr. Herman Leung, DDS","650 S Zediker Ave, Parlier, CA 93648, USA",+1 559-646-3561,http://uhcofsjv.org/?q=node/22,None,5.0
219,Marketplace Smiles Dentistry and Orthodontics,"6623 N Riverside Dr #101, Fresno, CA 93722, USA",+1 559-547-3120,https://www.marketplacesmilesdentistry.com/?sc_cid=google:o:gmb,"['Monday: 8:00 AM – 6:00 PM', 'Tuesday: 8:00 AM – 6:00 PM', 'Wednesday: 8:00 AM – 6:00 PM', 'Thursday: 8:00 AM – 6:00 PM', 'Friday: 7:00 AM – 4:00 PM', 'Saturday: 8:00 AM – 5:00 PM', 'Sunday: Closed']",3.0
220,"meet dentist, dr. abhishek joshi your mobile dentist in corona, ca","12738 Longhorne Dr, Corona, CA 92880, USA",+1 951-880-7175,http://www.blissmobiledental.com/,None,4.2
221,Prism Dental Group - Savitha Siddappa DMD AEGD MS,"355 E Avenida De Los Arboles, Thousand Oaks, CA 91360, USA",+1 805-241-5353,https://www.prismdentalgroup.com/,"['Monday: 9:00 AM – 5:00 PM', 'Tuesday: 9:00 AM – 5:00 PM', 'Wednesday: 9:00 AM – 5:00 PM', 'Thursday: 9:00 AM – 5:00 PM', 'Friday: 9:00 AM – 3:00 PM', 'Saturday: Closed', 'Sunday: Closed']",4.4
222,"Golden Dental, Roland Markarian DMD","1011 E Ave. J, Lancaster, CA 93535, USA",+1 661-948-8100,http://goldendental.org/,"['Monday: 9:00 AM – 6:00 PM', 'Tuesday: 9:00 AM – 6:00 PM', 'Wednesday: 9:00 AM – 6:00 PM', 'Thursday: 9:00 AM – 6:00 PM', 'Friday: 9:00 AM – 6:00 PM', 'Saturday: Closed', 'Sunday: Closed']",5.0
223,California Oral Surgery & Dental Implant Center,"7677 Center Ave Suite 409, Huntington Beach, CA 92647, USA",+1 714-897-3543,https://www.oralsurgerycalifornia.com/locations/oral-surgery-huntington-beach-ca/,"['Monday: 8:00 AM – 5:00 PM', 'Tuesday: 7:30 AM – 7:00 PM', 'Wednesday: 7:30 AM – 3:30 PM', 'Thursday: 7:30 AM – 7:00 PM', 'Friday: 7:30 AM – 3:30 PM', 'Saturday: Closed', 'Sunday: Closed']",5.0
224,McBride Dental,"955 Boardwalk STE 103, San Marcos, CA 92078, USA",+1 760-471-1003,https://www.mcbridedental.com/,"['Monday: 9:00 AM – 5:00 PM', 'Tuesday: 9:00 AM – 5:00 PM', 'Wednesday: 9:00 AM – 5:00 PM', 'Thursday: 9:00 AM – 5:00 PM', 'Friday: 9:00 AM – 5:00 PM', 'Saturday: Closed', 'Sunday: Closed']",4.7
225,Western Dental & Orthodontics,"3077 W Shaw Ave, Fresno, CA 93711, USA",+1 559-490-1327,https://www.westerndental.com/en-us/find-a-location/california/fresno/3077-w-shaw-ave,"['Monday: 9:00 AM – 6:00 PM', 'Tuesday: 9:00 AM – 6:00 PM', 'Wednesday: 9:00 AM – 6:00 PM', 'Thursday: 9:00 AM – 6:00 PM', 'Friday: 9:00 AM – 6:00 PM', 'Saturday: 8:00 AM – 4:30 PM', 'Sunday: Closed']",3.9
226,"Dr. James Scott, DDS","445 11th St, Orange Cove, CA 93646, USA",+1 559-626-4031,,None,
227,Manhattan Beach Dental Solutions,"1213 Manhattan Ave, Manhattan Beach, CA 90266, USA",+1 310-340-6663,http://www.manhattanbeachdentalsolutions.com/,"['Monday: 8:00 AM – 5:00 PM', 'Tuesday: 8:00 AM – 5:00 PM', 'Wednesday: 8:00 AM – 5:00 PM', 'Thursday: 8:00 AM – 5:00 PM', 'Friday: 8:00 AM – 5:00 PM', 'Saturday: Closed', 'Sunday: Closed']",4.6
228,"Shyam Krishnan, DDS","5500 Telegraph Rd #151, Ventura, CA 93004, USA",+1 805-222-6599,https://www.insightdent.com/?utm_source=gmb_auth,"['Monday: 9:00 AM – 7:00 PM', 'Tuesday: 8:30 AM – 5:00 PM', 'Wednesday: 8:30 AM – 5:00 PM', 'Thursday: 8:30 AM – 5:00 PM', 'Friday: 8:00 AM – 4:00 PM', 'Saturday: Closed', 'Sunday: Closed']",4.8
229,Capitol Square Dental Care: Watanabe Gerald S DDS,"2727 McKee Rd, San Jose, CA 95127, USA",+1 408-926-4669,http://www.sanjosesmilearts.com/,None,
230,"Thomas Barrington, DDS","1601 Lewis St, Kingsburg, CA 93631, USA",+1 559-869-4595,http://drtommyb.com/,None,5.0
231,Bellflower Dental Group,"10318 E Rosecrans Ave, Bellflower, CA 90706, USA",+1 323-486-6579,http://www.bellflowerdentalgroup.com/,"['Monday: Closed', 'Tuesday: 9:00 AM – 6:00 PM', 'Wednesday: 9:00 AM – 7:00 PM', 'Thursday: 12:00 – 8:00 PM', 'Friday: 9:00 AM – 6:00 PM', 'Saturday: 8:00 AM – 4:00 PM', 'Sunday: Closed']",4.3
232,"Dove Canyon Dental- Scott E. Bianchi, D.D.S.","31991 Dove Canyon Dr suite 100-a, Trabuco Canyon, CA 92679, USA",+1 949-589-4100,http://www.ocestheticdentistry.com/,"['Monday: 8:30 AM – 5:00 PM', 'Tuesday: 8:30 AM – 5:00 PM', 'Wednesday: 8:30 AM – 5:00 PM', 'Thursday: 8:30 AM – 5:00 PM', 'Friday: 8:30 AM – 5:00 PM', 'Saturday: Closed', 'Sunday: Closed']",5.0
233,Forever Smiles Pediatric Dentistry,"1704 Miramonte Ave Ste 9, Mountain View, CA 94040, USA",+1 650-282-5758,http://4eversmilespediatric.com/,"['Monday: 8:30 AM – 5:00 PM', 'Tuesday: 8:30 AM – 5:00 PM', 'Wednesday: 8:30 AM – 5:00 PM', 'Thursday: 8:30 AM – 5:00 PM', 'Friday: 8:30 AM – 5:00 PM', 'Saturday: 8:30 AM – 3:00 PM', 'Sunday: Closed']",4.8
234,Dr Dean Bu,"5546 Rosemead Blvd #104, Temple City, CA 91780, USA",+1 626-285-9808,http://ada.org/,None,
235,J K Dental Clinic,"2100 E Clinton Ave, Fresno, CA 93703, USA",+1 559-224-5988,,None,2.3
236,"Steven, E Voelker DDS","511 4th St, Clovis, CA 93612, USA",+1 559-299-8050,,"['Monday: 8:30 AM – 5:00 PM', 'Tuesday: 8:30 AM – 5:00 PM', 'Wednesday: 8:30 AM – 5:00 PM', 'Thursday: 8:30 AM – 5:00 PM', 'Friday: Closed', 'Saturday: Closed', 'Sunday: Closed']",5.0
237,"J. Foster Weems, DDS","1617 Westcliff Dr #201, Newport Beach, CA 92660, USA",+1 949-610-8725,https://www.jfosterweemsdds.com/,"['Monday: 9:00 AM – 7:00 PM', 'Tuesday: 9:00 AM – 7:00 PM', 'Wednesday: 7:00 AM – 4:30 PM', 'Thursday: 7:00 AM – 4:30 PM', 'Friday: 7:00 AM – 2:00 PM', 'Saturday: 8:00 AM – 12:00 PM', 'Sunday: Closed']",4.9
238,Luis Castillo Professional Dental Corp.,"5359 N Fresno St # 110, Fresno, CA 93710, USA",+1 559-221-0302,http://www.smilesandmorefresno.com/,"['Monday: 9:00 AM – 5:00 PM', 'Tuesday: Closed', 'Wednesday: 9:00 AM – 5:00 PM', 'Thursday: 9:00 AM – 5:00 PM', 'Friday: 9:00 AM – 5:00 PM', 'Saturday: Closed', 'Sunday: Closed']",4.8
239,Family HealthCare Network - Visalia School (Medical & Dental),"401 E School Ave, Visalia, CA 93291, USA",+1 877-960-3426,http://www.fhcn.org/,"['Monday: 7:00 AM – 7:00 PM', 'Tuesday: 7:00 AM – 7:00 PM', 'Wednesday: 7:00 AM – 7:00 PM', 'Thursday: 7:00 AM – 7:00 PM', 'Friday: 7:00 AM – 7:00 PM', 'Saturday: Closed', 'Sunday: Closed']",2.3
240,"Kingsburg Smile Center: B. Fareid, DDS","1591 Earl St, Kingsburg, CA 93631, USA",+1 559-897-5042,https://kingsburg-smile-center-b-fareid-dds.business.site/,"['Monday: 8:00 AM – 6:00 PM', 'Tuesday: 8:00 AM – 6:00 PM', 'Wednesday: 8:00 AM – 6:00 PM', 'Thursday: 8:00 AM – 6:00 PM', 'Friday: 8:00 AM – 1:00 PM', 'Saturday: Closed', 'Sunday: Closed']",5.0
241,Family HealthCare Network - Tulare (Medical & Dental),"263 S West St, Tulare, CA 93274, USA",+1 877-960-3426,http://www.fhcn.org/,"['Monday: 7:00 AM – 9:00 PM', 'Tuesday: 7:00 AM – 9:00 PM', 'Wednesday: 7:00 AM – 9:00 PM', 'Thursday: 7:00 AM – 9:00 PM', 'Friday: 7:00 AM – 9:00 PM', 'Saturday: 8:00 AM – 5:00 PM', 'Sunday: Closed']",3.9
242,CedarNorth Dental,"7405 N Cedar Ave #102, Fresno, CA 93720, USA",+1 559-258-2564,https://www.cedarnorthdental.com/,"['Monday: 8:00 AM – 12:00 PM, 1:00 – 5:00 PM', 'Tuesday: 8:00 AM – 12:00 PM, 1:00 – 5:00 PM', 'Wednesday: 8:00 AM – 12:00 PM, 1:00 – 5:00 PM', 'Thursday: 8:00 AM – 12:00 PM, 1:00 – 5:00 PM', 'Friday: Closed', 'Saturday: Closed', 'Sunday: Closed']",4.2
243,Bajwa Mohan DDS,"5041 Business Center Dr #106, Fairfield, CA 94534, USA",+1 707-863-9950,http://www.greenvalleydental.com/,"['Monday: 9:00 AM – 5:00 PM', 'Tuesday: 9:00 AM – 5:00 PM', 'Wednesday: 9:00 AM – 5:00 PM', 'Thursday: 9:00 AM – 5:00 PM', 'Friday: 9:00 AM – 5:00 PM', 'Saturday: Closed', 'Sunday: Closed']",
244,Martin S Nahigian DDS,"1569 W Shaw Ave, Fresno, CA 93711, USA",+1 559-227-8434,,None,4.3
245,Golden Valley Smiles,"1010 Shaw Ave Suite B, Clovis, CA 93612, USA",+1 559-323-1776,https://www.goldenvalleysmiles.com/,"['Monday: 9:00 AM – 5:00 PM', 'Tuesday: 9:00 AM – 5:00 PM', 'Wednesday: Closed', 'Thursday: 9:00 AM – 5:00 PM', 'Friday: 8:00 AM – 4:00 PM', 'Saturday: Closed', 'Sunday: Closed']",4.3
246,Tarzana Smile Center,"18607 Ventura Blvd #209, Tarzana, CA 91356, USA",+1 818-578-8665,http://www.tarzanasmilecenter.com/,"['Monday: Closed', 'Tuesday: 10:00 AM – 7:00 PM', 'Wednesday: 10:00 AM – 7:00 PM', 'Thursday: 10:00 AM – 7:00 PM', 'Friday: 10:00 AM – 7:00 PM', 'Saturday: 9:00 AM – 5:00 PM', 'Sunday: Closed']",4.4
247,St Therese Family Dental Care: Conde-Nadores Nimfa DDS,"1801 Tucker St, Selma, CA 93662, USA",+1 559-896-1254,,"['Monday: 10:00 AM – 6:00 PM', 'Tuesday: 1:00 – 6:00 PM', 'Wednesday: 10:00 AM – 6:00 PM', 'Thursday: 1:00 – 6:00 PM', 'Friday: 10:00 AM – 6:00 PM', 'Saturday: Closed', 'Sunday: 10:00 AM – 3:00 PM']",3.5
248,Aspen Dental,"1210 E Park St Suite 106, Hollister, CA 95023, USA",+1 831-902-2829,https://www.aspendental.com/dentist/ca/hollister/1210-e-park-st-ste-106?utm_source=googleplaces&utm_medium=lociqgoogleplaces&utm_campaign=HollisterCA||Hollist_CA||4045||4045&utm_content=listing,"['Monday: 8:00 AM – 5:00 PM', 'Tuesday: 8:00 AM – 5:00 PM', 'Wednesday: 7:00 AM – 4:00 PM', 'Thursday: 10:00 AM – 7:00 PM', 'Friday: 8:00 AM – 1:00 PM', 'Saturday: Closed', 'Sunday: Closed']",2.0
249,Sacramento Family & Implant Dentistry,"1 Scripps Dr Suite 302, Sacramento, CA 95825, USA",+1 916-999-4337,https://drjonahtabrizi.com/,"['Monday: Closed', 'Tuesday: 9:00 AM – 4:00 PM', 'Wednesday: 9:00 AM – 4:00 PM', 'Thursday: 9:00 AM – 4:00 PM', 'Friday: 9:00 AM – 4:00 PM', 'Saturday: Closed', 'Sunday: Closed']",
250,Coast Dental,"6406 Sunrise Blvd, Citrus Heights, CA 95610, USA",+1 916-727-1880,https://www.coastdental.com/,None,
251,Delta Dental of California,"1333 Broadway #800, Oakland, CA 94612, USA",+1 888-335-8227,https://www.deltadentalins.com/,None,
252,Journal of the California Dental Association,"1201 K St # 16, Sacramento, CA 95814, USA",+1 916-443-3382,https://www.cda.org/member-resources/journal,None,5.0
253,Delta Dental of California,"17871 Park Plaza Dr #200, Cerritos, CA 90703, USA",+1 562-403-4040,https://www.deltadentalins.com/,"['Monday: 8:00 AM – 4:45 PM', 'Tuesday: 8:00 AM – 4:45 PM', 'Wednesday: 8:00 AM – 4:45 PM', 'Thursday: 8:00 AM – 4:45 PM', 'Friday: 8:00 AM – 4:45 PM', 'Saturday: Closed', 'Sunday: Closed']",1.4
254,Northern California Dental Society,"100 Rio St, Red Bluff, CA 96080, USA",+1 530-527-6764,http://www.ncdsonline.org/,None,
255,TDIC - The Dentists Insurance Company,"Esquire Tower, 1201 K St, Sacramento, CA 95814, USA",+1 800-733-0633,https://www.tdicinsurance.com/,"['Monday: 8:00 AM – 5:00 PM', 'Tuesday: 8:00 AM – 5:00 PM', 'Wednesday: 8:00 AM – 5:00 PM', 'Thursday: 8:00 AM – 5:00 PM', 'Friday: 8:00 AM – 5:00 PM', 'Saturday: Closed', 'Sunday: Closed']",2.2
256,Delta Dental Plan of Ca,"3241 Kilgore Rd, Rancho Cordova, CA 95670, USA",+1 916-861-2303,https://www.deltadental.com/,None,1.7
257,Continuing Dental Education,"Los Angeles, CA 90024, USA",+1 310-206-8388,https://www.dentistry.ucla.edu/learning/continuing-dental-education,None,5.0
258,University of Southern California School of Dentistry,"925 W 34th St #201j, Los Angeles, CA 90089, USA",+1 213-740-2805,http://dentistry.usc.edu/,None,3.4
259,Dentist Carson CA,"101 W Carson St, Carson, CA 90745, USA",+1 310-626-0058,https://www.dentistcarson.com/contact-us/,None,
260,"Randall W Halliday, DDS","1697 N Waterman Ave #5112, San Bernardino, CA 92404, USA",+1 909-886-6845,https://www.inlandempireoms.com/,"['Monday: 8:00 AM – 5:00 PM', 'Tuesday: 8:00 AM – 5:00 PM', 'Wednesday: 8:00 AM – 5:00 PM', 'Thursday: 8:00 AM – 5:00 PM', 'Friday: 8:00 AM – 5:00 PM', 'Saturday: Closed', 'Sunday: Closed']",3.3
261,David Garate DDS,"885 Canarios Ct #210, Chula Vista, CA 91910, USA",+1 619-656-4199,https://www.perfectsmilescalifornia.com/about-us-chula-vista-ca/chula-vista-ca-dentist/,"['Monday: 8:00 AM – 5:00 PM', 'Tuesday: 7:00 AM – 4:00 PM', 'Wednesday: 8:00 AM – 5:00 PM', 'Thursday: 7:00 AM – 4:00 PM', 'Friday: 8:00 AM – 2:00 PM', 'Saturday: Closed', 'Sunday: Closed']",5.0
262,UCLA School of Dentistry,"714 Tiverton Ave, Los Angeles, CA 90024, USA",+1 310-825-9789,https://www.dentistry.ucla.edu/,None,4.0
263,CDA Presents,"888 Howard St, San Francisco, CA 94103, USA",+1 800-232-7645,http://www.cdapresents.com/SF2014.aspx,None,4.7
264,"Daniel S. Miller, DDS, Inc.","7677 Center Ave #409, Huntington Beach, CA 92647, USA",+1 714-842-7729,http://www.beachoralsurgery.com/,"['Monday: 7:30 AM – 4:00 PM', 'Tuesday: 7:30 AM – 4:00 PM', 'Wednesday: 8:00 AM – 12:00 PM', 'Thursday: 7:30 AM – 4:00 PM', 'Friday: 7:30 AM – 2:00 PM', 'Saturday: Closed', 'Sunday: Closed']",5.0
265,California Physicians Insurance Corporation,"50 Beale St, San Francisco, CA 94105, USA",+1 415-229-5000,http://www.blueshieldca.com/,"['Monday: 8:00 AM – 8:00 PM', 'Tuesday: 8:00 AM – 8:00 PM', 'Wednesday: 8:00 AM – 8:00 PM', 'Thursday: 8:00 AM – 8:00 PM', 'Friday: 8:00 AM – 8:00 PM', 'Saturday: 8:00 AM – 8:00 PM', 'Sunday: 8:00 AM – 8:00 PM']",2.3
266,UCSF School of Dentistry,"513 Parnassus Ave, San Francisco, CA 94143, USA",+1 415-502-5800,http://dentistry.ucsf.edu/,None,4.4
267,Dental Examiners Board,"1430 Howe Ave, Sacramento, CA 95825, USA",+1 916-263-2300,http://www.dbc.ca.gov/,None,
268,"Randall W. Halliday, DDS","245 Terracina Blvd #211a, Redlands, CA 92373, USA",+1 909-793-2629,https://www.inlandempireoms.com/,"['Monday: 8:00 AM – 5:00 PM', 'Tuesday: 8:00 AM – 5:00 PM', 'Wednesday: 8:00 AM – 5:00 PM', 'Thursday: 8:00 AM – 5:00 PM', 'Friday: 8:00 AM – 5:00 PM', 'Saturday: Closed', 'Sunday: Closed']",3.8
269,Orange County Dental Society,"295 S Flower St, Orange, CA 92868, USA",+1 714-634-8944,http://www.ocds.org/,"['Monday: 7:30 AM – 4:30 PM', 'Tuesday: 7:30 AM – 4:30 PM', 'Wednesday: 7:30 AM – 4:30 PM', 'Thursday: 7:30 AM – 4:30 PM', 'Friday: Closed', 'Saturday: Closed', 'Sunday: Closed']",5.0
270,"Dr. Hanneke R. Finones, DDS","1860 El Camino Real, Burlingame, CA 94010, USA",+1 650-692-5600,http://www.nestdental.com/,"['Monday: 8:30 AM – 5:00 PM', 'Tuesday: 8:30 AM – 5:00 PM', 'Wednesday: 8:30 AM – 5:00 PM', 'Thursday: 8:00 AM – 4:30 PM', 'Friday: Closed', 'Saturday: Closed', 'Sunday: Closed']",
271,"Dr. Phil J. RA, DDS","11201 Sierra Ave, Fontana, CA 92337, USA",+1 909-355-3299,http://www.smilestudio.com/drphilra.php,"['Monday: 8:00 AM – 1:00 PM, 2:00 – 5:00 PM', 'Tuesday: 8:00 AM – 1:00 PM, 2:00 – 5:00 PM', 'Wednesday: 8:00 AM – 1:00 PM, 2:00 – 5:00 PM', 'Thursday: 8:00 AM – 1:00 PM, 2:00 – 5:00 PM', 'Friday: Closed', 'Saturday: Closed', 'Sunday: Closed']",
